file,line,type,commit,author,date,time,timezone,datetime,depth,length
style.css,1,css,56eb1c6a,Matilda Gaddi,2025-01-08,20:00:59,-08:00,2025-01-08T20:00:59-08:00,0,5
style.css,2,css,56eb1c6a,Matilda Gaddi,2025-01-08,20:00:59,-08:00,2025-01-08T20:00:59-08:00,0,44
style.css,3,css,56eb1c6a,Matilda Gaddi,2025-01-08,20:00:59,-08:00,2025-01-08T20:00:59-08:00,0,43
style.css,4,css,56eb1c6a,Matilda Gaddi,2025-01-08,20:00:59,-08:00,2025-01-08T20:00:59-08:00,0,1
style.css,5,css,56eb1c6a,Matilda Gaddi,2025-01-08,20:00:59,-08:00,2025-01-08T20:00:59-08:00,0,24
style.css,6,css,621e08e7,Matilda Gaddi,2025-01-17,21:10:45,-08:00,2025-01-17T21:10:45-08:00,0,16
style.css,7,css,621e08e7,Matilda Gaddi,2025-01-17,21:10:45,-08:00,2025-01-17T21:10:45-08:00,0,12
style.css,8,css,621e08e7,Matilda Gaddi,2025-01-17,21:10:45,-08:00,2025-01-17T21:10:45-08:00,0,10
style.css,9,css,621e08e7,Matilda Gaddi,2025-01-17,21:10:45,-08:00,2025-01-17T21:10:45-08:00,0,21
style.css,10,css,ab233ebf,Matilda Gaddi,2025-01-08,22:59:45,-08:00,2025-01-08T22:59:45-08:00,0,0
style.css,11,css,621e08e7,Matilda Gaddi,2025-01-17,21:10:45,-08:00,2025-01-17T21:10:45-08:00,0,4
style.css,12,css,621e08e7,Matilda Gaddi,2025-01-17,21:10:45,-08:00,2025-01-17T21:10:45-08:00,0,13
style.css,13,css,621e08e7,Matilda Gaddi,2025-01-17,21:10:45,-08:00,2025-01-17T21:10:45-08:00,0,46
style.css,14,css,621e08e7,Matilda Gaddi,2025-01-17,21:10:45,-08:00,2025-01-17T21:10:45-08:00,0,24
style.css,15,css,621e08e7,Matilda Gaddi,2025-01-17,21:10:45,-08:00,2025-01-17T21:10:45-08:00,0,26
style.css,16,css,621e08e7,Matilda Gaddi,2025-01-17,21:10:45,-08:00,2025-01-17T21:10:45-08:00,0,38
style.css,17,css,621e08e7,Matilda Gaddi,2025-01-17,21:10:45,-08:00,2025-01-17T21:10:45-08:00,0,9
style.css,18,css,621e08e7,Matilda Gaddi,2025-01-17,21:10:45,-08:00,2025-01-17T21:10:45-08:00,0,21
style.css,19,css,621e08e7,Matilda Gaddi,2025-01-17,21:10:45,-08:00,2025-01-17T21:10:45-08:00,0,14
style.css,20,css,621e08e7,Matilda Gaddi,2025-01-17,21:10:45,-08:00,2025-01-17T21:10:45-08:00,0,18
style.css,21,css,621e08e7,Matilda Gaddi,2025-01-17,21:10:45,-08:00,2025-01-17T21:10:45-08:00,0,14
style.css,22,css,621e08e7,Matilda Gaddi,2025-01-17,21:10:45,-08:00,2025-01-17T21:10:45-08:00,0,54
style.css,23,css,bf6a7ec7,Matilda Gaddi,2025-01-24,13:43:53,-08:00,2025-01-24T13:43:53-08:00,0,71
style.css,24,css,621e08e7,Matilda Gaddi,2025-01-17,21:10:45,-08:00,2025-01-17T21:10:45-08:00,0,53
style.css,25,css,621e08e7,Matilda Gaddi,2025-01-17,21:10:45,-08:00,2025-01-17T21:10:45-08:00,0,35
style.css,26,css,621e08e7,Matilda Gaddi,2025-01-17,21:10:45,-08:00,2025-01-17T21:10:45-08:00,0,0
style.css,27,css,621e08e7,Matilda Gaddi,2025-01-17,21:10:45,-08:00,2025-01-17T21:10:45-08:00,0,0
style.css,28,css,621e08e7,Matilda Gaddi,2025-01-17,21:10:45,-08:00,2025-01-17T21:10:45-08:00,0,0
style.css,29,css,621e08e7,Matilda Gaddi,2025-01-17,21:10:45,-08:00,2025-01-17T21:10:45-08:00,0,0
style.css,30,css,621e08e7,Matilda Gaddi,2025-01-17,21:10:45,-08:00,2025-01-17T21:10:45-08:00,0,8
style.css,31,css,621e08e7,Matilda Gaddi,2025-01-17,21:10:45,-08:00,2025-01-17T21:10:45-08:00,0,44
style.css,32,css,621e08e7,Matilda Gaddi,2025-01-17,21:10:45,-08:00,2025-01-17T21:10:45-08:00,0,0
style.css,33,css,621e08e7,Matilda Gaddi,2025-01-17,21:10:45,-08:00,2025-01-17T21:10:45-08:00,0,40
style.css,34,css,621e08e7,Matilda Gaddi,2025-01-17,21:10:45,-08:00,2025-01-17T21:10:45-08:00,0,34
style.css,35,css,621e08e7,Matilda Gaddi,2025-01-17,21:10:45,-08:00,2025-01-17T21:10:45-08:00,0,33
style.css,36,css,621e08e7,Matilda Gaddi,2025-01-17,21:10:45,-08:00,2025-01-17T21:10:45-08:00,0,0
style.css,37,css,621e08e7,Matilda Gaddi,2025-01-17,21:10:45,-08:00,2025-01-17T21:10:45-08:00,0,5
style.css,38,css,621e08e7,Matilda Gaddi,2025-01-17,21:10:45,-08:00,2025-01-17T21:10:45-08:00,0,101
style.css,39,css,621e08e7,Matilda Gaddi,2025-01-17,21:10:45,-08:00,2025-01-17T21:10:45-08:00,0,0
style.css,40,css,621e08e7,Matilda Gaddi,2025-01-17,21:10:45,-08:00,2025-01-17T21:10:45-08:00,0,8
style.css,41,css,621e08e7,Matilda Gaddi,2025-01-17,21:10:45,-08:00,2025-01-17T21:10:45-08:00,0,101
style.css,42,css,621e08e7,Matilda Gaddi,2025-01-17,21:10:45,-08:00,2025-01-17T21:10:45-08:00,0,0
style.css,43,css,621e08e7,Matilda Gaddi,2025-01-17,21:10:45,-08:00,2025-01-17T21:10:45-08:00,0,6
style.css,44,css,621e08e7,Matilda Gaddi,2025-01-17,21:10:45,-08:00,2025-01-17T21:10:45-08:00,0,101
style.css,45,css,621e08e7,Matilda Gaddi,2025-01-17,21:10:45,-08:00,2025-01-17T21:10:45-08:00,0,0
style.css,46,css,621e08e7,Matilda Gaddi,2025-01-17,21:10:45,-08:00,2025-01-17T21:10:45-08:00,0,4
style.css,47,css,621e08e7,Matilda Gaddi,2025-01-17,21:10:45,-08:00,2025-01-17T21:10:45-08:00,0,12
style.css,48,css,621e08e7,Matilda Gaddi,2025-01-17,21:10:45,-08:00,2025-01-17T21:10:45-08:00,0,31
style.css,49,css,621e08e7,Matilda Gaddi,2025-01-17,21:10:45,-08:00,2025-01-17T21:10:45-08:00,0,34
style.css,50,css,621e08e7,Matilda Gaddi,2025-01-17,21:10:45,-08:00,2025-01-17T21:10:45-08:00,0,25
style.css,51,css,621e08e7,Matilda Gaddi,2025-01-17,21:10:45,-08:00,2025-01-17T21:10:45-08:00,0,8
style.css,52,css,621e08e7,Matilda Gaddi,2025-01-17,21:10:45,-08:00,2025-01-17T21:10:45-08:00,0,5
style.css,53,css,621e08e7,Matilda Gaddi,2025-01-17,21:10:45,-08:00,2025-01-17T21:10:45-08:00,0,14
style.css,54,css,621e08e7,Matilda Gaddi,2025-01-17,21:10:45,-08:00,2025-01-17T21:10:45-08:00,0,11
style.css,55,css,621e08e7,Matilda Gaddi,2025-01-17,21:10:45,-08:00,2025-01-17T21:10:45-08:00,0,22
style.css,56,css,621e08e7,Matilda Gaddi,2025-01-17,21:10:45,-08:00,2025-01-17T21:10:45-08:00,0,23
style.css,57,css,621e08e7,Matilda Gaddi,2025-01-17,21:10:45,-08:00,2025-01-17T21:10:45-08:00,0,12
style.css,58,css,621e08e7,Matilda Gaddi,2025-01-17,21:10:45,-08:00,2025-01-17T21:10:45-08:00,0,0
style.css,59,css,621e08e7,Matilda Gaddi,2025-01-17,21:10:45,-08:00,2025-01-17T21:10:45-08:00,0,5
style.css,60,css,621e08e7,Matilda Gaddi,2025-01-17,21:10:45,-08:00,2025-01-17T21:10:45-08:00,0,12
style.css,61,css,621e08e7,Matilda Gaddi,2025-01-17,21:10:45,-08:00,2025-01-17T21:10:45-08:00,0,34
style.css,62,css,621e08e7,Matilda Gaddi,2025-01-17,21:10:45,-08:00,2025-01-17T21:10:45-08:00,0,30
style.css,63,css,621e08e7,Matilda Gaddi,2025-01-17,21:10:45,-08:00,2025-01-17T21:10:45-08:00,0,19
style.css,64,css,621e08e7,Matilda Gaddi,2025-01-17,21:10:45,-08:00,2025-01-17T21:10:45-08:00,0,0
style.css,65,css,621e08e7,Matilda Gaddi,2025-01-17,21:10:45,-08:00,2025-01-17T21:10:45-08:00,0,0
style.css,66,css,621e08e7,Matilda Gaddi,2025-01-17,21:10:45,-08:00,2025-01-17T21:10:45-08:00,0,1
style.css,67,css,621e08e7,Matilda Gaddi,2025-01-17,21:10:45,-08:00,2025-01-17T21:10:45-08:00,0,0
style.css,68,css,621e08e7,Matilda Gaddi,2025-01-17,21:10:45,-08:00,2025-01-17T21:10:45-08:00,0,9
style.css,69,css,621e08e7,Matilda Gaddi,2025-01-17,21:10:45,-08:00,2025-01-17T21:10:45-08:00,0,13
style.css,70,css,621e08e7,Matilda Gaddi,2025-01-17,21:10:45,-08:00,2025-01-17T21:10:45-08:00,0,59
style.css,71,css,621e08e7,Matilda Gaddi,2025-01-17,21:10:45,-08:00,2025-01-17T21:10:45-08:00,0,8
style.css,72,css,621e08e7,Matilda Gaddi,2025-01-17,21:10:45,-08:00,2025-01-17T21:10:45-08:00,0,0
style.css,73,css,621e08e7,Matilda Gaddi,2025-01-17,21:10:45,-08:00,2025-01-17T21:10:45-08:00,0,26
style.css,74,css,621e08e7,Matilda Gaddi,2025-01-17,21:10:45,-08:00,2025-01-17T21:10:45-08:00,0,27
style.css,75,css,621e08e7,Matilda Gaddi,2025-01-17,21:10:45,-08:00,2025-01-17T21:10:45-08:00,0,16
style.css,76,css,621e08e7,Matilda Gaddi,2025-01-17,21:10:45,-08:00,2025-01-17T21:10:45-08:00,0,15
style.css,77,css,621e08e7,Matilda Gaddi,2025-01-17,21:10:45,-08:00,2025-01-17T21:10:45-08:00,0,0
style.css,78,css,621e08e7,Matilda Gaddi,2025-01-17,21:10:45,-08:00,2025-01-17T21:10:45-08:00,0,7
style.css,79,css,621e08e7,Matilda Gaddi,2025-01-17,21:10:45,-08:00,2025-01-17T21:10:45-08:00,0,11
style.css,80,css,621e08e7,Matilda Gaddi,2025-01-17,21:10:45,-08:00,2025-01-17T21:10:45-08:00,0,0
style.css,81,css,621e08e7,Matilda Gaddi,2025-01-17,21:10:45,-08:00,2025-01-17T21:10:45-08:00,0,2
style.css,82,css,621e08e7,Matilda Gaddi,2025-01-17,21:10:45,-08:00,2025-01-17T21:10:45-08:00,0,15
style.css,83,css,621e08e7,Matilda Gaddi,2025-01-17,21:10:45,-08:00,2025-01-17T21:10:45-08:00,0,0
style.css,84,css,621e08e7,Matilda Gaddi,2025-01-17,21:10:45,-08:00,2025-01-17T21:10:45-08:00,0,22
style.css,85,css,621e08e7,Matilda Gaddi,2025-01-17,21:10:45,-08:00,2025-01-17T21:10:45-08:00,0,16
style.css,86,css,621e08e7,Matilda Gaddi,2025-01-17,21:10:45,-08:00,2025-01-17T21:10:45-08:00,0,18
style.css,87,css,621e08e7,Matilda Gaddi,2025-01-17,21:10:45,-08:00,2025-01-17T21:10:45-08:00,0,0
style.css,88,css,621e08e7,Matilda Gaddi,2025-01-17,21:10:45,-08:00,2025-01-17T21:10:45-08:00,0,1
style.css,89,css,621e08e7,Matilda Gaddi,2025-01-17,21:10:45,-08:00,2025-01-17T21:10:45-08:00,0,11
style.css,90,css,621e08e7,Matilda Gaddi,2025-01-17,21:10:45,-08:00,2025-01-17T21:10:45-08:00,0,0
style.css,91,css,621e08e7,Matilda Gaddi,2025-01-17,21:10:45,-08:00,2025-01-17T21:10:45-08:00,0,3
style.css,92,css,621e08e7,Matilda Gaddi,2025-01-17,21:10:45,-08:00,2025-01-17T21:10:45-08:00,0,16
style.css,93,css,621e08e7,Matilda Gaddi,2025-01-17,21:10:45,-08:00,2025-01-17T21:10:45-08:00,0,15
style.css,94,css,621e08e7,Matilda Gaddi,2025-01-17,21:10:45,-08:00,2025-01-17T21:10:45-08:00,0,101
style.css,95,css,4c325277,Matilda Gaddi,2025-01-23,23:30:26,-08:00,2025-01-23T23:30:26-08:00,0,0
style.css,96,css,4c325277,Matilda Gaddi,2025-01-23,23:30:26,-08:00,2025-01-23T23:30:26-08:00,0,0
style.css,97,css,4c325277,Matilda Gaddi,2025-01-23,23:30:26,-08:00,2025-01-23T23:30:26-08:00,0,0
style.css,98,css,4c325277,Matilda Gaddi,2025-01-23,23:30:26,-08:00,2025-01-23T23:30:26-08:00,0,14
style.css,99,css,4c325277,Matilda Gaddi,2025-01-23,23:30:26,-08:00,2025-01-23T23:30:26-08:00,0,0
style.css,100,css,4c325277,Matilda Gaddi,2025-01-23,23:30:26,-08:00,2025-01-23T23:30:26-08:00,0,22
style.css,101,css,4c325277,Matilda Gaddi,2025-01-23,23:30:26,-08:00,2025-01-23T23:30:26-08:00,0,36
style.css,102,css,4c325277,Matilda Gaddi,2025-01-23,23:30:26,-08:00,2025-01-23T23:30:26-08:00,0,5
style.css,103,css,4c325277,Matilda Gaddi,2025-01-23,23:30:26,-08:00,2025-01-23T23:30:26-08:00,0,23
style.css,104,css,4c325277,Matilda Gaddi,2025-01-23,23:30:26,-08:00,2025-01-23T23:30:26-08:00,0,12
style.css,105,css,4c325277,Matilda Gaddi,2025-01-23,23:30:26,-08:00,2025-01-23T23:30:26-08:00,0,0
style.css,106,css,4c325277,Matilda Gaddi,2025-01-23,23:30:26,-08:00,2025-01-23T23:30:26-08:00,0,0
style.css,107,css,4c325277,Matilda Gaddi,2025-01-23,23:30:26,-08:00,2025-01-23T23:30:26-08:00,0,0
style.css,108,css,4c325277,Matilda Gaddi,2025-01-23,23:30:26,-08:00,2025-01-23T23:30:26-08:00,0,14
style.css,109,css,4c325277,Matilda Gaddi,2025-01-23,23:30:26,-08:00,2025-01-23T23:30:26-08:00,0,17
style.css,110,css,4c325277,Matilda Gaddi,2025-01-23,23:30:26,-08:00,2025-01-23T23:30:26-08:00,0,0
style.css,111,css,bf6a7ec7,Matilda Gaddi,2025-01-24,13:43:53,-08:00,2025-01-24T13:43:53-08:00,0,0
style.css,112,css,bf6a7ec7,Matilda Gaddi,2025-01-24,13:43:53,-08:00,2025-01-24T13:43:53-08:00,0,14
style.css,113,css,bf6a7ec7,Matilda Gaddi,2025-01-24,13:43:53,-08:00,2025-01-24T13:43:53-08:00,0,18
style.css,114,css,bf6a7ec7,Matilda Gaddi,2025-01-24,13:43:53,-08:00,2025-01-24T13:43:53-08:00,0,47
style.css,115,css,bf6a7ec7,Matilda Gaddi,2025-01-24,13:43:53,-08:00,2025-01-24T13:43:53-08:00,0,51
style.css,116,css,bf6a7ec7,Matilda Gaddi,2025-01-24,13:43:53,-08:00,2025-01-24T13:43:53-08:00,0,47
style.css,117,css,bf6a7ec7,Matilda Gaddi,2025-01-24,13:43:53,-08:00,2025-01-24T13:43:53-08:00,0,70
style.css,118,css,bf6a7ec7,Matilda Gaddi,2025-01-24,13:43:53,-08:00,2025-01-24T13:43:53-08:00,0,48
style.css,119,css,bf6a7ec7,Matilda Gaddi,2025-01-24,13:43:53,-08:00,2025-01-24T13:43:53-08:00,0,54
style.css,120,css,bf6a7ec7,Matilda Gaddi,2025-01-24,13:43:53,-08:00,2025-01-24T13:43:53-08:00,0,76
style.css,121,css,e9b0970f,Matilda Gaddi,2025-02-07,17:17:30,-08:00,2025-02-07T17:17:30-08:00,0,0
style.css,122,css,e9b0970f,Matilda Gaddi,2025-02-07,17:17:30,-08:00,2025-02-07T17:17:30-08:00,0,0
style.css,123,css,e9b0970f,Matilda Gaddi,2025-02-07,17:17:30,-08:00,2025-02-07T17:17:30-08:00,0,15
style.css,124,css,e9b0970f,Matilda Gaddi,2025-02-07,17:17:30,-08:00,2025-02-07T17:17:30-08:00,0,48
style.css,125,css,e9b0970f,Matilda Gaddi,2025-02-07,17:17:30,-08:00,2025-02-07T17:17:30-08:00,0,20
style.css,126,css,e9b0970f,Matilda Gaddi,2025-02-07,17:17:30,-08:00,2025-02-07T17:17:30-08:00,0,51
style.css,127,css,e9b0970f,Matilda Gaddi,2025-02-07,17:17:30,-08:00,2025-02-07T17:17:30-08:00,0,28
style.css,128,css,e9b0970f,Matilda Gaddi,2025-02-07,17:17:30,-08:00,2025-02-07T17:17:30-08:00,0,16
style.css,129,css,e9b0970f,Matilda Gaddi,2025-02-07,17:17:30,-08:00,2025-02-07T17:17:30-08:00,0,0
style.css,130,css,e9b0970f,Matilda Gaddi,2025-02-07,17:17:30,-08:00,2025-02-07T17:17:30-08:00,0,32
style.css,131,css,e9b0970f,Matilda Gaddi,2025-02-07,17:17:30,-08:00,2025-02-07T17:17:30-08:00,0,19
style.css,132,css,e9b0970f,Matilda Gaddi,2025-02-07,17:17:30,-08:00,2025-02-07T17:17:30-08:00,0,21
style.css,133,css,e9b0970f,Matilda Gaddi,2025-02-07,17:17:30,-08:00,2025-02-07T17:17:30-08:00,0,25
style.css,134,css,e9b0970f,Matilda Gaddi,2025-02-07,17:17:30,-08:00,2025-02-07T17:17:30-08:00,0,0
style.css,135,css,e9b0970f,Matilda Gaddi,2025-02-07,17:17:30,-08:00,2025-02-07T17:17:30-08:00,0,55
style.css,136,css,e9b0970f,Matilda Gaddi,2025-02-07,17:17:30,-08:00,2025-02-07T17:17:30-08:00,0,52
style.css,137,css,e9b0970f,Matilda Gaddi,2025-02-07,17:17:30,-08:00,2025-02-07T17:17:30-08:00,0,16
style.css,138,css,e9b0970f,Matilda Gaddi,2025-02-07,17:17:30,-08:00,2025-02-07T17:17:30-08:00,0,0
style.css,139,css,e9b0970f,Matilda Gaddi,2025-02-07,17:17:30,-08:00,2025-02-07T17:17:30-08:00,0,0
style.css,140,css,e9b0970f,Matilda Gaddi,2025-02-07,17:17:30,-08:00,2025-02-07T17:17:30-08:00,0,15
style.css,141,css,e9b0970f,Matilda Gaddi,2025-02-07,17:17:30,-08:00,2025-02-07T17:17:30-08:00,0,15
style.css,142,css,e9b0970f,Matilda Gaddi,2025-02-07,17:17:30,-08:00,2025-02-07T17:17:30-08:00,0,17
style.css,143,css,e9b0970f,Matilda Gaddi,2025-02-07,17:17:30,-08:00,2025-02-07T17:17:30-08:00,0,17
style.css,144,css,e9b0970f,Matilda Gaddi,2025-02-07,17:17:30,-08:00,2025-02-07T17:17:30-08:00,0,0
style.css,145,css,e9b0970f,Matilda Gaddi,2025-02-07,17:17:30,-08:00,2025-02-07T17:17:30-08:00,0,0
style.css,146,css,e9b0970f,Matilda Gaddi,2025-02-07,17:17:30,-08:00,2025-02-07T17:17:30-08:00,0,10
style.css,147,css,e9b0970f,Matilda Gaddi,2025-02-07,17:17:30,-08:00,2025-02-07T17:17:30-08:00,0,58
style.css,148,css,e9b0970f,Matilda Gaddi,2025-02-07,17:17:30,-08:00,2025-02-07T17:17:30-08:00,0,13
style.css,149,css,e9b0970f,Matilda Gaddi,2025-02-07,17:17:30,-08:00,2025-02-07T17:17:30-08:00,0,19
style.css,150,css,e9b0970f,Matilda Gaddi,2025-02-07,17:17:30,-08:00,2025-02-07T17:17:30-08:00,0,4
style.css,151,css,e9b0970f,Matilda Gaddi,2025-02-07,17:17:30,-08:00,2025-02-07T17:17:30-08:00,0,8
style.css,152,css,e9b0970f,Matilda Gaddi,2025-02-07,17:17:30,-08:00,2025-02-07T17:17:30-08:00,0,39
style.css,153,css,e9b0970f,Matilda Gaddi,2025-02-07,17:17:30,-08:00,2025-02-07T17:17:30-08:00,0,55
style.css,154,css,e9b0970f,Matilda Gaddi,2025-02-07,17:17:30,-08:00,2025-02-07T17:17:30-08:00,0,58
style.css,155,css,e9b0970f,Matilda Gaddi,2025-02-07,17:17:30,-08:00,2025-02-07T17:17:30-08:00,0,35
style.css,156,css,e9b0970f,Matilda Gaddi,2025-02-07,17:17:30,-08:00,2025-02-07T17:17:30-08:00,0,12
style.css,157,css,e9b0970f,Matilda Gaddi,2025-02-07,17:17:30,-08:00,2025-02-07T17:17:30-08:00,0,12
style.css,158,css,e9b0970f,Matilda Gaddi,2025-02-07,17:17:30,-08:00,2025-02-07T17:17:30-08:00,0,22
style.css,159,css,e9b0970f,Matilda Gaddi,2025-02-07,17:17:30,-08:00,2025-02-07T17:17:30-08:00,0,19
style.css,160,css,e9b0970f,Matilda Gaddi,2025-02-07,17:17:30,-08:00,2025-02-07T17:17:30-08:00,0,44
style.css,161,css,e9b0970f,Matilda Gaddi,2025-02-07,17:17:30,-08:00,2025-02-07T17:17:30-08:00,0,55
style.css,162,css,e9b0970f,Matilda Gaddi,2025-02-07,17:17:30,-08:00,2025-02-07T17:17:30-08:00,0,12
style.css,163,css,e9b0970f,Matilda Gaddi,2025-02-07,17:17:30,-08:00,2025-02-07T17:17:30-08:00,0,13
style.css,164,css,e9b0970f,Matilda Gaddi,2025-02-07,17:17:30,-08:00,2025-02-07T17:17:30-08:00,0,7
style.css,165,css,e9b0970f,Matilda Gaddi,2025-02-07,17:17:30,-08:00,2025-02-07T17:17:30-08:00,0,0
style.css,166,css,e9b0970f,Matilda Gaddi,2025-02-07,17:17:30,-08:00,2025-02-07T17:17:30-08:00,0,0
style.css,167,css,e9b0970f,Matilda Gaddi,2025-02-07,17:17:30,-08:00,2025-02-07T17:17:30-08:00,0,13
style.css,168,css,e9b0970f,Matilda Gaddi,2025-02-07,17:17:30,-08:00,2025-02-07T17:17:30-08:00,0,13
style.css,169,css,e9b0970f,Matilda Gaddi,2025-02-07,17:17:30,-08:00,2025-02-07T17:17:30-08:00,0,19
style.css,170,css,e9b0970f,Matilda Gaddi,2025-02-07,17:17:30,-08:00,2025-02-07T17:17:30-08:00,0,46
style.css,171,css,e9b0970f,Matilda Gaddi,2025-02-07,17:17:30,-08:00,2025-02-07T17:17:30-08:00,0,13
style.css,172,css,e9b0970f,Matilda Gaddi,2025-02-07,17:17:30,-08:00,2025-02-07T17:17:30-08:00,0,0
style.css,173,css,e9b0970f,Matilda Gaddi,2025-02-07,17:17:30,-08:00,2025-02-07T17:17:30-08:00,0,0
style.css,174,css,e9b0970f,Matilda Gaddi,2025-02-07,17:17:30,-08:00,2025-02-07T17:17:30-08:00,0,8
style.css,175,css,e9b0970f,Matilda Gaddi,2025-02-07,17:17:30,-08:00,2025-02-07T17:17:30-08:00,0,19
style.css,176,css,e9b0970f,Matilda Gaddi,2025-02-07,17:17:30,-08:00,2025-02-07T17:17:30-08:00,0,19
style.css,177,css,e9b0970f,Matilda Gaddi,2025-02-07,17:17:30,-08:00,2025-02-07T17:17:30-08:00,0,11
style.css,178,css,e9b0970f,Matilda Gaddi,2025-02-07,17:17:30,-08:00,2025-02-07T17:17:30-08:00,0,12
style.css,179,css,e9b0970f,Matilda Gaddi,2025-02-07,17:17:30,-08:00,2025-02-07T17:17:30-08:00,0,21
style.css,180,css,e9b0970f,Matilda Gaddi,2025-02-07,17:17:30,-08:00,2025-02-07T17:17:30-08:00,0,40
style.css,181,css,e9b0970f,Matilda Gaddi,2025-02-07,17:17:30,-08:00,2025-02-07T17:17:30-08:00,0,24
style.css,182,css,e9b0970f,Matilda Gaddi,2025-02-07,17:17:30,-08:00,2025-02-07T17:17:30-08:00,0,0
style.css,183,css,e9b0970f,Matilda Gaddi,2025-02-07,17:17:30,-08:00,2025-02-07T17:17:30-08:00,0,0
style.css,184,css,e9b0970f,Matilda Gaddi,2025-02-07,17:17:30,-08:00,2025-02-07T17:17:30-08:00,0,11
style.css,185,css,e9b0970f,Matilda Gaddi,2025-02-07,17:17:30,-08:00,2025-02-07T17:17:30-08:00,0,13
style.css,186,css,e9b0970f,Matilda Gaddi,2025-02-07,17:17:30,-08:00,2025-02-07T17:17:30-08:00,0,54
style.css,187,css,e9b0970f,Matilda Gaddi,2025-02-07,17:17:30,-08:00,2025-02-07T17:17:30-08:00,0,20
style.css,188,css,e9b0970f,Matilda Gaddi,2025-02-07,17:17:30,-08:00,2025-02-07T17:17:30-08:00,0,12
style.css,189,css,e9b0970f,Matilda Gaddi,2025-02-07,17:17:30,-08:00,2025-02-07T17:17:30-08:00,0,16
style.css,190,css,e9b0970f,Matilda Gaddi,2025-02-07,17:17:30,-08:00,2025-02-07T17:17:30-08:00,0,19
style.css,191,css,e9b0970f,Matilda Gaddi,2025-02-07,17:17:30,-08:00,2025-02-07T17:17:30-08:00,0,0
style.css,192,css,e9b0970f,Matilda Gaddi,2025-02-07,17:17:30,-08:00,2025-02-07T17:17:30-08:00,0,0
style.css,193,css,e9b0970f,Matilda Gaddi,2025-02-07,17:17:30,-08:00,2025-02-07T17:17:30-08:00,0,10
style.css,194,css,e9b0970f,Matilda Gaddi,2025-02-07,17:17:30,-08:00,2025-02-07T17:17:30-08:00,0,12
style.css,195,css,e9b0970f,Matilda Gaddi,2025-02-07,17:17:30,-08:00,2025-02-07T17:17:30-08:00,0,12
style.css,196,css,e9b0970f,Matilda Gaddi,2025-02-07,17:17:30,-08:00,2025-02-07T17:17:30-08:00,0,15
style.css,197,css,e9b0970f,Matilda Gaddi,2025-02-07,17:17:30,-08:00,2025-02-07T17:17:30-08:00,0,0
style.css,198,css,e9b0970f,Matilda Gaddi,2025-02-07,17:17:30,-08:00,2025-02-07T17:17:30-08:00,0,0
style.css,199,css,e9b0970f,Matilda Gaddi,2025-02-07,17:17:30,-08:00,2025-02-07T17:17:30-08:00,0,3
style.css,200,css,e9b0970f,Matilda Gaddi,2025-02-07,17:17:30,-08:00,2025-02-07T17:17:30-08:00,0,18
style.css,201,css,e9b0970f,Matilda Gaddi,2025-02-07,17:17:30,-08:00,2025-02-07T17:17:30-08:00,0,17
style.css,202,css,e9b0970f,Matilda Gaddi,2025-02-07,17:17:30,-08:00,2025-02-07T17:17:30-08:00,0,12
style.css,203,css,e9b0970f,Matilda Gaddi,2025-02-07,17:17:30,-08:00,2025-02-07T17:17:30-08:00,0,0
style.css,204,css,e9b0970f,Matilda Gaddi,2025-02-07,17:17:30,-08:00,2025-02-07T17:17:30-08:00,0,0
style.css,205,css,e9b0970f,Matilda Gaddi,2025-02-07,17:17:30,-08:00,2025-02-07T17:17:30-08:00,0,0
style.css,206,css,e9b0970f,Matilda Gaddi,2025-02-07,17:17:30,-08:00,2025-02-07T17:17:30-08:00,0,5
style.css,207,css,e9b0970f,Matilda Gaddi,2025-02-07,17:17:30,-08:00,2025-02-07T17:17:30-08:00,0,17
style.css,208,css,e9b0970f,Matilda Gaddi,2025-02-07,17:17:30,-08:00,2025-02-07T17:17:30-08:00,0,0
style.css,209,css,e9b0970f,Matilda Gaddi,2025-02-07,17:17:30,-08:00,2025-02-07T17:17:30-08:00,0,0
style.css,210,css,e9b0970f,Matilda Gaddi,2025-02-07,17:17:30,-08:00,2025-02-07T17:17:30-08:00,0,16
style.css,211,css,e9b0970f,Matilda Gaddi,2025-02-07,17:17:30,-08:00,2025-02-07T17:17:30-08:00,0,37
style.css,212,css,e9b0970f,Matilda Gaddi,2025-02-07,17:17:30,-08:00,2025-02-07T17:17:30-08:00,0,0
style.css,213,css,e9b0970f,Matilda Gaddi,2025-02-07,17:17:30,-08:00,2025-02-07T17:17:30-08:00,0,11
style.css,214,css,e9b0970f,Matilda Gaddi,2025-02-07,17:17:30,-08:00,2025-02-07T17:17:30-08:00,0,18
style.css,215,css,e9b0970f,Matilda Gaddi,2025-02-07,17:17:30,-08:00,2025-02-07T17:17:30-08:00,0,0
style.css,216,css,e9b0970f,Matilda Gaddi,2025-02-07,17:17:30,-08:00,2025-02-07T17:17:30-08:00,0,0
style.css,217,css,e9b0970f,Matilda Gaddi,2025-02-07,17:17:30,-08:00,2025-02-07T17:17:30-08:00,0,0
style.css,218,css,e9b0970f,Matilda Gaddi,2025-02-07,17:17:30,-08:00,2025-02-07T17:17:30-08:00,0,18
style.css,219,css,e9b0970f,Matilda Gaddi,2025-02-07,17:17:30,-08:00,2025-02-07T17:17:30-08:00,0,17
style.css,220,css,e9b0970f,Matilda Gaddi,2025-02-07,17:17:30,-08:00,2025-02-07T17:17:30-08:00,0,26
style.css,221,css,e9b0970f,Matilda Gaddi,2025-02-07,17:17:30,-08:00,2025-02-07T17:17:30-08:00,0,12
style.css,222,css,e9b0970f,Matilda Gaddi,2025-02-07,17:17:30,-08:00,2025-02-07T17:17:30-08:00,0,0
style.css,223,css,e9b0970f,Matilda Gaddi,2025-02-07,17:17:30,-08:00,2025-02-07T17:17:30-08:00,0,0
style.css,224,css,e9b0970f,Matilda Gaddi,2025-02-07,17:17:30,-08:00,2025-02-07T17:17:30-08:00,0,19
style.css,225,css,e9b0970f,Matilda Gaddi,2025-02-07,17:17:30,-08:00,2025-02-07T17:17:30-08:00,0,31
style.css,226,css,e9b0970f,Matilda Gaddi,2025-02-07,17:17:30,-08:00,2025-02-07T17:17:30-08:00,0,17
style.css,227,css,e9b0970f,Matilda Gaddi,2025-02-07,17:17:30,-08:00,2025-02-07T17:17:30-08:00,0,35
index.js,1,js,6c7bb20a,Matilda Gaddi,2025-01-31,16:19:28,-08:00,2025-01-31T16:19:28-08:00,0,71
index.js,2,js,6c7bb20a,Matilda Gaddi,2025-01-31,16:19:28,-08:00,2025-01-31T16:19:28-08:00,0,55
index.js,3,js,6c7bb20a,Matilda Gaddi,2025-01-31,16:19:28,-08:00,2025-01-31T16:19:28-08:00,0,43
index.js,4,js,6c7bb20a,Matilda Gaddi,2025-01-31,16:19:28,-08:00,2025-01-31T16:19:28-08:00,0,61
index.js,5,js,6c7bb20a,Matilda Gaddi,2025-01-31,16:19:28,-08:00,2025-01-31T16:19:28-08:00,0,55
index.js,6,js,6c7bb20a,Matilda Gaddi,2025-01-31,16:19:28,-08:00,2025-01-31T16:19:28-08:00,0,56
index.js,7,js,6c7bb20a,Matilda Gaddi,2025-01-31,16:19:28,-08:00,2025-01-31T16:19:28-08:00,0,61
index.js,8,js,6c7bb20a,Matilda Gaddi,2025-01-31,16:19:28,-08:00,2025-01-31T16:19:28-08:00,0,18
index.js,9,js,6c7bb20a,Matilda Gaddi,2025-01-31,16:19:28,-08:00,2025-01-31T16:19:28-08:00,0,25
index.js,10,js,6c7bb20a,Matilda Gaddi,2025-01-31,16:19:28,-08:00,2025-01-31T16:19:28-08:00,0,3
index.js,11,js,6c7bb20a,Matilda Gaddi,2025-01-31,16:19:28,-08:00,2025-01-31T16:19:28-08:00,0,56
index.js,12,js,6c7bb20a,Matilda Gaddi,2025-01-31,16:19:28,-08:00,2025-01-31T16:19:28-08:00,0,56
index.js,13,js,6c7bb20a,Matilda Gaddi,2025-01-31,16:19:28,-08:00,2025-01-31T16:19:28-08:00,0,50
index.js,14,js,6c7bb20a,Matilda Gaddi,2025-01-31,16:19:28,-08:00,2025-01-31T16:19:28-08:00,0,50
index.js,15,js,6c7bb20a,Matilda Gaddi,2025-01-31,16:19:28,-08:00,2025-01-31T16:19:28-08:00,0,4
index.js,16,js,6c7bb20a,Matilda Gaddi,2025-01-31,16:19:28,-08:00,2025-01-31T16:19:28-08:00,0,1
index.js,17,js,6c7bb20a,Matilda Gaddi,2025-01-31,16:19:28,-08:00,2025-01-31T16:19:28-08:00,0,0
index.html,1,html,14a3b535,Matilda Gaddi,2025-01-08,14:33:16,-08:00,2025-01-08T14:33:16-08:00,0,14
index.html,2,html,4c325277,Matilda Gaddi,2025-01-23,23:30:26,-08:00,2025-01-23T23:30:26-08:00,0,28
index.html,3,html,14a3b535,Matilda Gaddi,2025-01-08,14:33:16,-08:00,2025-01-08T14:33:16-08:00,0,5
index.html,4,html,14a3b535,Matilda Gaddi,2025-01-08,14:33:16,-08:00,2025-01-08T14:33:16-08:00,0,21
index.html,5,html,14a3b535,Matilda Gaddi,2025-01-08,14:33:16,-08:00,2025-01-08T14:33:16-08:00,0,69
index.html,6,html,14a3b535,Matilda Gaddi,2025-01-08,14:33:16,-08:00,2025-01-08T14:33:16-08:00,0,56
index.html,7,html,56eb1c6a,Matilda Gaddi,2025-01-08,20:00:59,-08:00,2025-01-08T20:00:59-08:00,0,39
index.html,8,html,6c7bb20a,Matilda Gaddi,2025-01-31,16:19:28,-08:00,2025-01-31T16:19:28-08:00,0,124
index.html,9,html,56eb1c6a,Matilda Gaddi,2025-01-08,20:00:59,-08:00,2025-01-08T20:00:59-08:00,0,6
index.html,10,html,4c325277,Matilda Gaddi,2025-01-23,23:30:26,-08:00,2025-01-23T23:30:26-08:00,0,18
index.html,11,html,4c325277,Matilda Gaddi,2025-01-23,23:30:26,-08:00,2025-01-23T23:30:26-08:00,0,24
index.html,12,html,4c325277,Matilda Gaddi,2025-01-23,23:30:26,-08:00,2025-01-23T23:30:26-08:00,0,29
index.html,13,html,621e08e7,Matilda Gaddi,2025-01-17,21:10:45,-08:00,2025-01-17T21:10:45-08:00,0,41
index.html,14,html,621e08e7,Matilda Gaddi,2025-01-17,21:10:45,-08:00,2025-01-17T21:10:45-08:00,0,39
index.html,15,html,621e08e7,Matilda Gaddi,2025-01-17,21:10:45,-08:00,2025-01-17T21:10:45-08:00,0,37
index.html,16,html,621e08e7,Matilda Gaddi,2025-01-17,21:10:45,-08:00,2025-01-17T21:10:45-08:00,0,67
index.html,17,html,4c325277,Matilda Gaddi,2025-01-23,23:30:26,-08:00,2025-01-23T23:30:26-08:00,0,9
index.html,18,html,434264ca,Matilda Gaddi,2025-01-17,21:20:59,-08:00,2025-01-17T21:20:59-08:00,0,30
index.html,19,html,434264ca,Matilda Gaddi,2025-01-17,21:20:59,-08:00,2025-01-17T21:20:59-08:00,0,14
index.html,20,html,621e08e7,Matilda Gaddi,2025-01-17,21:10:45,-08:00,2025-01-17T21:10:45-08:00,0,187
index.html,21,html,56eb1c6a,Matilda Gaddi,2025-01-08,20:00:59,-08:00,2025-01-08T20:00:59-08:00,0,124
index.html,22,html,6c7bb20a,Matilda Gaddi,2025-01-31,16:19:28,-08:00,2025-01-31T16:19:28-08:00,0,0
index.html,23,html,6c7bb20a,Matilda Gaddi,2025-01-31,16:19:28,-08:00,2025-01-31T16:19:28-08:00,0,23
index.html,24,html,6c7bb20a,Matilda Gaddi,2025-01-31,16:19:28,-08:00,2025-01-31T16:19:28-08:00,0,21
index.html,25,html,6c7bb20a,Matilda Gaddi,2025-01-31,16:19:28,-08:00,2025-01-31T16:19:28-08:00,0,50
index.html,26,html,6c7bb20a,Matilda Gaddi,2025-01-31,16:19:28,-08:00,2025-01-31T16:19:28-08:00,0,27
index.html,27,html,6c7bb20a,Matilda Gaddi,2025-01-31,16:19:28,-08:00,2025-01-31T16:19:28-08:00,0,51
index.html,28,html,6c7bb20a,Matilda Gaddi,2025-01-31,16:19:28,-08:00,2025-01-31T16:19:28-08:00,0,5
index.html,29,html,6c7bb20a,Matilda Gaddi,2025-01-31,16:19:28,-08:00,2025-01-31T16:19:28-08:00,0,29
index.html,30,html,14a3b535,Matilda Gaddi,2025-01-08,14:33:16,-08:00,2025-01-08T14:33:16-08:00,0,6
index.html,31,html,56eb1c6a,Matilda Gaddi,2025-01-08,20:00:59,-08:00,2025-01-08T20:00:59-08:00,0,6
index.html,32,html,ab233ebf,Matilda Gaddi,2025-01-08,22:59:45,-08:00,2025-01-08T22:59:45-08:00,0,6
global.js,1,js,4c325277,Matilda Gaddi,2025-01-23,23:30:26,-08:00,2025-01-23T23:30:26-08:00,0,26
global.js,2,js,4c325277,Matilda Gaddi,2025-01-23,23:30:26,-08:00,2025-01-23T23:30:26-08:00,0,0
global.js,3,js,4c325277,Matilda Gaddi,2025-01-23,23:30:26,-08:00,2025-01-23T23:30:26-08:00,0,37
global.js,4,js,4c325277,Matilda Gaddi,2025-01-23,23:30:26,-08:00,2025-01-23T23:30:26-08:00,0,42
global.js,5,js,4c325277,Matilda Gaddi,2025-01-23,23:30:26,-08:00,2025-01-23T23:30:26-08:00,0,53
global.js,6,js,4c325277,Matilda Gaddi,2025-01-23,23:30:26,-08:00,2025-01-23T23:30:26-08:00,0,0
global.js,7,js,4c325277,Matilda Gaddi,2025-01-23,23:30:26,-08:00,2025-01-23T23:30:26-08:00,0,0
global.js,8,js,4c325277,Matilda Gaddi,2025-01-23,23:30:26,-08:00,2025-01-23T23:30:26-08:00,0,44
global.js,9,js,4c325277,Matilda Gaddi,2025-01-23,23:30:26,-08:00,2025-01-23T23:30:26-08:00,0,52
global.js,10,js,4c325277,Matilda Gaddi,2025-01-23,23:30:26,-08:00,2025-01-23T23:30:26-08:00,0,28
global.js,11,js,4c325277,Matilda Gaddi,2025-01-23,23:30:26,-08:00,2025-01-23T23:30:26-08:00,0,33
global.js,12,js,4c325277,Matilda Gaddi,2025-01-23,23:30:26,-08:00,2025-01-23T23:30:26-08:00,0,66
global.js,13,js,4c325277,Matilda Gaddi,2025-01-23,23:30:26,-08:00,2025-01-23T23:30:26-08:00,0,1
global.js,14,js,4c325277,Matilda Gaddi,2025-01-23,23:30:26,-08:00,2025-01-23T23:30:26-08:00,0,0
global.js,15,js,4c325277,Matilda Gaddi,2025-01-23,23:30:26,-08:00,2025-01-23T23:30:26-08:00,0,40
global.js,16,js,4c325277,Matilda Gaddi,2025-01-23,23:30:26,-08:00,2025-01-23T23:30:26-08:00,0,37
global.js,17,js,4c325277,Matilda Gaddi,2025-01-23,23:30:26,-08:00,2025-01-23T23:30:26-08:00,0,2
global.js,18,js,4c325277,Matilda Gaddi,2025-01-23,23:30:26,-08:00,2025-01-23T23:30:26-08:00,0,0
global.js,19,js,4c325277,Matilda Gaddi,2025-01-23,23:30:26,-08:00,2025-01-23T23:30:26-08:00,0,44
global.js,20,js,4c325277,Matilda Gaddi,2025-01-23,23:30:26,-08:00,2025-01-23T23:30:26-08:00,0,52
global.js,21,js,4c325277,Matilda Gaddi,2025-01-23,23:30:26,-08:00,2025-01-23T23:30:26-08:00,0,14
global.js,22,js,4c325277,Matilda Gaddi,2025-01-23,23:30:26,-08:00,2025-01-23T23:30:26-08:00,0,36
global.js,23,js,4c325277,Matilda Gaddi,2025-01-23,23:30:26,-08:00,2025-01-23T23:30:26-08:00,0,49
global.js,24,js,4c325277,Matilda Gaddi,2025-01-23,23:30:26,-08:00,2025-01-23T23:30:26-08:00,0,47
global.js,25,js,4c325277,Matilda Gaddi,2025-01-23,23:30:26,-08:00,2025-01-23T23:30:26-08:00,0,45
global.js,26,js,00000000,Not Committed Yet,2025-02-13,11:23:11,-08:00,2025-02-13T11:23:11-08:00,0,41
global.js,27,js,4c325277,Matilda Gaddi,2025-01-23,23:30:26,-08:00,2025-01-23T23:30:26-08:00,0,59
global.js,28,js,4c325277,Matilda Gaddi,2025-01-23,23:30:26,-08:00,2025-01-23T23:30:26-08:00,0,26
global.js,29,js,4c325277,Matilda Gaddi,2025-01-23,23:30:26,-08:00,2025-01-23T23:30:26-08:00,0,1
global.js,30,js,4c325277,Matilda Gaddi,2025-01-23,23:30:26,-08:00,2025-01-23T23:30:26-08:00,0,0
global.js,31,js,4c325277,Matilda Gaddi,2025-01-23,23:30:26,-08:00,2025-01-23T23:30:26-08:00,0,41
global.js,32,js,4c325277,Matilda Gaddi,2025-01-23,23:30:26,-08:00,2025-01-23T23:30:26-08:00,0,26
global.js,33,js,4c325277,Matilda Gaddi,2025-01-23,23:30:26,-08:00,2025-01-23T23:30:26-08:00,0,0
global.js,34,js,4c325277,Matilda Gaddi,2025-01-23,23:30:26,-08:00,2025-01-23T23:30:26-08:00,0,71
global.js,35,js,4c325277,Matilda Gaddi,2025-01-23,23:30:26,-08:00,2025-01-23T23:30:26-08:00,0,0
global.js,36,js,4c325277,Matilda Gaddi,2025-01-23,23:30:26,-08:00,2025-01-23T23:30:26-08:00,0,21
global.js,37,js,4c325277,Matilda Gaddi,2025-01-23,23:30:26,-08:00,2025-01-23T23:30:26-08:00,0,15
global.js,38,js,4c325277,Matilda Gaddi,2025-01-23,23:30:26,-08:00,2025-01-23T23:30:26-08:00,0,19
global.js,39,js,4c325277,Matilda Gaddi,2025-01-23,23:30:26,-08:00,2025-01-23T23:30:26-08:00,0,0
global.js,40,js,4c325277,Matilda Gaddi,2025-01-23,23:30:26,-08:00,2025-01-23T23:30:26-08:00,0,45
global.js,41,js,4c325277,Matilda Gaddi,2025-01-23,23:30:26,-08:00,2025-01-23T23:30:26-08:00,0,17
global.js,42,js,4c325277,Matilda Gaddi,2025-01-23,23:30:26,-08:00,2025-01-23T23:30:26-08:00,0,0
global.js,43,js,4c325277,Matilda Gaddi,2025-01-23,23:30:26,-08:00,2025-01-23T23:30:26-08:00,0,0
global.js,44,js,4c325277,Matilda Gaddi,2025-01-23,23:30:26,-08:00,2025-01-23T23:30:26-08:00,0,35
global.js,45,js,4c325277,Matilda Gaddi,2025-01-23,23:30:26,-08:00,2025-01-23T23:30:26-08:00,0,12
global.js,46,js,4c325277,Matilda Gaddi,2025-01-23,23:30:26,-08:00,2025-01-23T23:30:26-08:00,0,21
global.js,47,js,4c325277,Matilda Gaddi,2025-01-23,23:30:26,-08:00,2025-01-23T23:30:26-08:00,0,0
global.js,48,js,4c325277,Matilda Gaddi,2025-01-23,23:30:26,-08:00,2025-01-23T23:30:26-08:00,0,58
global.js,49,js,4c325277,Matilda Gaddi,2025-01-23,23:30:26,-08:00,2025-01-23T23:30:26-08:00,0,66
global.js,50,js,4c325277,Matilda Gaddi,2025-01-23,23:30:26,-08:00,2025-01-23T23:30:26-08:00,0,26
global.js,51,js,4c325277,Matilda Gaddi,2025-01-23,23:30:26,-08:00,2025-01-23T23:30:26-08:00,0,0
global.js,52,js,4c325277,Matilda Gaddi,2025-01-23,23:30:26,-08:00,2025-01-23T23:30:26-08:00,0,0
global.js,53,js,4c325277,Matilda Gaddi,2025-01-23,23:30:26,-08:00,2025-01-23T23:30:26-08:00,0,41
global.js,54,js,4c325277,Matilda Gaddi,2025-01-23,23:30:26,-08:00,2025-01-23T23:30:26-08:00,0,30
global.js,55,js,4c325277,Matilda Gaddi,2025-01-23,23:30:26,-08:00,2025-01-23T23:30:26-08:00,0,19
global.js,56,js,4c325277,Matilda Gaddi,2025-01-23,23:30:26,-08:00,2025-01-23T23:30:26-08:00,0,0
global.js,57,js,4c325277,Matilda Gaddi,2025-01-23,23:30:26,-08:00,2025-01-23T23:30:26-08:00,0,33
global.js,58,js,4c325277,Matilda Gaddi,2025-01-23,23:30:26,-08:00,2025-01-23T23:30:26-08:00,0,26
global.js,59,js,4c325277,Matilda Gaddi,2025-01-23,23:30:26,-08:00,2025-01-23T23:30:26-08:00,0,13
global.js,60,js,4c325277,Matilda Gaddi,2025-01-23,23:30:26,-08:00,2025-01-23T23:30:26-08:00,0,0
global.js,61,js,4c325277,Matilda Gaddi,2025-01-23,23:30:26,-08:00,2025-01-23T23:30:26-08:00,0,2
global.js,62,js,4c325277,Matilda Gaddi,2025-01-23,23:30:26,-08:00,2025-01-23T23:30:26-08:00,0,0
global.js,63,js,4c325277,Matilda Gaddi,2025-01-23,23:30:26,-08:00,2025-01-23T23:30:26-08:00,0,25
global.js,64,js,4c325277,Matilda Gaddi,2025-01-23,23:30:26,-08:00,2025-01-23T23:30:26-08:00,0,52
global.js,65,js,4c325277,Matilda Gaddi,2025-01-23,23:30:26,-08:00,2025-01-23T23:30:26-08:00,0,28
global.js,66,js,4c325277,Matilda Gaddi,2025-01-23,23:30:26,-08:00,2025-01-23T23:30:26-08:00,0,32
global.js,67,js,4c325277,Matilda Gaddi,2025-01-23,23:30:26,-08:00,2025-01-23T23:30:26-08:00,0,12
global.js,68,js,4c325277,Matilda Gaddi,2025-01-23,23:30:26,-08:00,2025-01-23T23:30:26-08:00,0,0
global.js,69,js,4c325277,Matilda Gaddi,2025-01-23,23:30:26,-08:00,2025-01-23T23:30:26-08:00,0,27
global.js,70,js,4c325277,Matilda Gaddi,2025-01-23,23:30:26,-08:00,2025-01-23T23:30:26-08:00,0,5
global.js,71,js,4c325277,Matilda Gaddi,2025-01-23,23:30:26,-08:00,2025-01-23T23:30:26-08:00,0,7
global.js,72,js,4c325277,Matilda Gaddi,2025-01-23,23:30:26,-08:00,2025-01-23T23:30:26-08:00,0,44
global.js,73,js,4c325277,Matilda Gaddi,2025-01-23,23:30:26,-08:00,2025-01-23T23:30:26-08:00,0,35
global.js,74,js,4c325277,Matilda Gaddi,2025-01-23,23:30:26,-08:00,2025-01-23T23:30:26-08:00,0,33
global.js,75,js,4c325277,Matilda Gaddi,2025-01-23,23:30:26,-08:00,2025-01-23T23:30:26-08:00,0,8
global.js,76,js,4c325277,Matilda Gaddi,2025-01-23,23:30:26,-08:00,2025-01-23T23:30:26-08:00,0,8
global.js,77,js,4c325277,Matilda Gaddi,2025-01-23,23:30:26,-08:00,2025-01-23T23:30:26-08:00,0,1
global.js,78,js,4c325277,Matilda Gaddi,2025-01-23,23:30:26,-08:00,2025-01-23T23:30:26-08:00,0,0
global.js,79,js,4c325277,Matilda Gaddi,2025-01-23,23:30:26,-08:00,2025-01-23T23:30:26-08:00,0,47
global.js,80,js,4c325277,Matilda Gaddi,2025-01-23,23:30:26,-08:00,2025-01-23T23:30:26-08:00,0,0
global.js,81,js,4c325277,Matilda Gaddi,2025-01-23,23:30:26,-08:00,2025-01-23T23:30:26-08:00,0,49
global.js,82,js,4c325277,Matilda Gaddi,2025-01-23,23:30:26,-08:00,2025-01-23T23:30:26-08:00,0,30
global.js,83,js,4c325277,Matilda Gaddi,2025-01-23,23:30:26,-08:00,2025-01-23T23:30:26-08:00,0,84
global.js,84,js,4c325277,Matilda Gaddi,2025-01-23,23:30:26,-08:00,2025-01-23T23:30:26-08:00,0,39
global.js,85,js,4c325277,Matilda Gaddi,2025-01-23,23:30:26,-08:00,2025-01-23T23:30:26-08:00,0,0
global.js,86,js,4c325277,Matilda Gaddi,2025-01-23,23:30:26,-08:00,2025-01-23T23:30:26-08:00,0,0
global.js,87,js,4c325277,Matilda Gaddi,2025-01-23,23:30:26,-08:00,2025-01-23T23:30:26-08:00,0,40
global.js,88,js,4c325277,Matilda Gaddi,2025-01-23,23:30:26,-08:00,2025-01-23T23:30:26-08:00,0,50
global.js,89,js,4c325277,Matilda Gaddi,2025-01-23,23:30:26,-08:00,2025-01-23T23:30:26-08:00,0,32
global.js,90,js,4c325277,Matilda Gaddi,2025-01-23,23:30:26,-08:00,2025-01-23T23:30:26-08:00,0,65
global.js,91,js,4c325277,Matilda Gaddi,2025-01-23,23:30:26,-08:00,2025-01-23T23:30:26-08:00,0,32
global.js,92,js,4c325277,Matilda Gaddi,2025-01-23,23:30:26,-08:00,2025-01-23T23:30:26-08:00,0,2
global.js,93,js,4c325277,Matilda Gaddi,2025-01-23,23:30:26,-08:00,2025-01-23T23:30:26-08:00,0,2
global.js,94,js,6c7bb20a,Matilda Gaddi,2025-01-31,16:19:28,-08:00,2025-01-31T16:19:28-08:00,0,0
global.js,95,js,6c7bb20a,Matilda Gaddi,2025-01-31,16:19:28,-08:00,2025-01-31T16:19:28-08:00,0,0
global.js,96,js,6c7bb20a,Matilda Gaddi,2025-01-31,16:19:28,-08:00,2025-01-31T16:19:28-08:00,0,0
global.js,97,js,6c7bb20a,Matilda Gaddi,2025-01-31,16:19:28,-08:00,2025-01-31T16:19:28-08:00,0,84
global.js,98,js,6c7bb20a,Matilda Gaddi,2025-01-31,16:19:28,-08:00,2025-01-31T16:19:28-08:00,0,4
global.js,99,js,6c7bb20a,Matilda Gaddi,2025-01-31,16:19:28,-08:00,2025-01-31T16:19:28-08:00,0,40
global.js,100,js,6c7bb20a,Matilda Gaddi,2025-01-31,16:19:28,-08:00,2025-01-31T16:19:28-08:00,0,33
global.js,101,js,6c7bb20a,Matilda Gaddi,2025-01-31,16:19:28,-08:00,2025-01-31T16:19:28-08:00,0,20
global.js,102,js,6c7bb20a,Matilda Gaddi,2025-01-31,16:19:28,-08:00,2025-01-31T16:19:28-08:00,0,18
global.js,103,js,6c7bb20a,Matilda Gaddi,2025-01-31,16:19:28,-08:00,2025-01-31T16:19:28-08:00,0,67
global.js,104,js,6c7bb20a,Matilda Gaddi,2025-01-31,16:19:28,-08:00,2025-01-31T16:19:28-08:00,0,20
global.js,105,js,6c7bb20a,Matilda Gaddi,2025-01-31,16:19:28,-08:00,2025-01-31T16:19:28-08:00,0,0
global.js,106,js,6c7bb20a,Matilda Gaddi,2025-01-31,16:19:28,-08:00,2025-01-31T16:19:28-08:00,0,34
global.js,107,js,6c7bb20a,Matilda Gaddi,2025-01-31,16:19:28,-08:00,2025-01-31T16:19:28-08:00,0,11
global.js,108,js,6c7bb20a,Matilda Gaddi,2025-01-31,16:19:28,-08:00,2025-01-31T16:19:28-08:00,0,0
global.js,109,js,6c7bb20a,Matilda Gaddi,2025-01-31,16:19:28,-08:00,2025-01-31T16:19:28-08:00,0,16
global.js,110,js,6c7bb20a,Matilda Gaddi,2025-01-31,16:19:28,-08:00,2025-01-31T16:19:28-08:00,0,60
global.js,111,js,6c7bb20a,Matilda Gaddi,2025-01-31,16:19:28,-08:00,2025-01-31T16:19:28-08:00,0,0
global.js,112,js,6c7bb20a,Matilda Gaddi,2025-01-31,16:19:28,-08:00,2025-01-31T16:19:28-08:00,0,0
global.js,113,js,6c7bb20a,Matilda Gaddi,2025-01-31,16:19:28,-08:00,2025-01-31T16:19:28-08:00,0,0
global.js,114,js,6c7bb20a,Matilda Gaddi,2025-01-31,16:19:28,-08:00,2025-01-31T16:19:28-08:00,0,36
global.js,115,js,6c7bb20a,Matilda Gaddi,2025-01-31,16:19:28,-08:00,2025-01-31T16:19:28-08:00,0,0
global.js,116,js,6c7bb20a,Matilda Gaddi,2025-01-31,16:19:28,-08:00,2025-01-31T16:19:28-08:00,0,71
global.js,117,js,6c7bb20a,Matilda Gaddi,2025-01-31,16:19:28,-08:00,2025-01-31T16:19:28-08:00,0,98
global.js,118,js,6c7bb20a,Matilda Gaddi,2025-01-31,16:19:28,-08:00,2025-01-31T16:19:28-08:00,0,0
global.js,119,js,6c7bb20a,Matilda Gaddi,2025-01-31,16:19:28,-08:00,2025-01-31T16:19:28-08:00,0,31
global.js,120,js,6c7bb20a,Matilda Gaddi,2025-01-31,16:19:28,-08:00,2025-01-31T16:19:28-08:00,0,30
global.js,121,js,6c7bb20a,Matilda Gaddi,2025-01-31,16:19:28,-08:00,2025-01-31T16:19:28-08:00,0,49
global.js,122,js,6c7bb20a,Matilda Gaddi,2025-01-31,16:19:28,-08:00,2025-01-31T16:19:28-08:00,0,27
global.js,123,js,6c7bb20a,Matilda Gaddi,2025-01-31,16:19:28,-08:00,2025-01-31T16:19:28-08:00,0,50
global.js,124,js,6c7bb20a,Matilda Gaddi,2025-01-31,16:19:28,-08:00,2025-01-31T16:19:28-08:00,0,27
global.js,125,js,6c7bb20a,Matilda Gaddi,2025-01-31,16:19:28,-08:00,2025-01-31T16:19:28-08:00,0,0
global.js,126,js,6c7bb20a,Matilda Gaddi,2025-01-31,16:19:28,-08:00,2025-01-31T16:19:28-08:00,0,20
global.js,127,js,e9b0970f,Matilda Gaddi,2025-02-07,17:17:30,-08:00,2025-02-07T17:17:30-08:00,0,46
global.js,128,js,6c7bb20a,Matilda Gaddi,2025-01-31,16:19:28,-08:00,2025-01-31T16:19:28-08:00,0,81
global.js,129,js,6c7bb20a,Matilda Gaddi,2025-01-31,16:19:28,-08:00,2025-01-31T16:19:28-08:00,0,28
global.js,130,js,e9b0970f,Matilda Gaddi,2025-02-07,17:17:30,-08:00,2025-02-07T17:17:30-08:00,0,21
global.js,131,js,6c7bb20a,Matilda Gaddi,2025-01-31,16:19:28,-08:00,2025-01-31T16:19:28-08:00,0,1
global.js,132,js,6c7bb20a,Matilda Gaddi,2025-01-31,16:19:28,-08:00,2025-01-31T16:19:28-08:00,0,37
global.js,133,js,6c7bb20a,Matilda Gaddi,2025-01-31,16:19:28,-08:00,2025-01-31T16:19:28-08:00,0,0
global.js,134,js,6c7bb20a,Matilda Gaddi,2025-01-31,16:19:28,-08:00,2025-01-31T16:19:28-08:00,0,0
global.js,135,js,6c7bb20a,Matilda Gaddi,2025-01-31,16:19:28,-08:00,2025-01-31T16:19:28-08:00,0,0
global.js,136,js,6c7bb20a,Matilda Gaddi,2025-01-31,16:19:28,-08:00,2025-01-31T16:19:28-08:00,0,48
global.js,137,js,6c7bb20a,Matilda Gaddi,2025-01-31,16:19:28,-08:00,2025-01-31T16:19:28-08:00,0,60
global.js,138,js,6c7bb20a,Matilda Gaddi,2025-01-31,16:19:28,-08:00,2025-01-31T16:19:28-08:00,0,0
resume/index.html,1,html,56eb1c6a,Matilda Gaddi,2025-01-08,20:00:59,-08:00,2025-01-08T20:00:59-08:00,0,14
resume/index.html,2,html,56eb1c6a,Matilda Gaddi,2025-01-08,20:00:59,-08:00,2025-01-08T20:00:59-08:00,0,15
resume/index.html,3,html,56eb1c6a,Matilda Gaddi,2025-01-08,20:00:59,-08:00,2025-01-08T20:00:59-08:00,0,5
resume/index.html,4,html,56eb1c6a,Matilda Gaddi,2025-01-08,20:00:59,-08:00,2025-01-08T20:00:59-08:00,0,21
resume/index.html,5,html,56eb1c6a,Matilda Gaddi,2025-01-08,20:00:59,-08:00,2025-01-08T20:00:59-08:00,0,69
resume/index.html,6,html,56eb1c6a,Matilda Gaddi,2025-01-08,20:00:59,-08:00,2025-01-08T20:00:59-08:00,0,20
resume/index.html,7,html,56eb1c6a,Matilda Gaddi,2025-01-08,20:00:59,-08:00,2025-01-08T20:00:59-08:00,0,42
resume/index.html,8,html,6c7bb20a,Matilda Gaddi,2025-01-31,16:19:28,-08:00,2025-01-31T16:19:28-08:00,0,127
resume/index.html,9,html,56eb1c6a,Matilda Gaddi,2025-01-08,20:00:59,-08:00,2025-01-08T20:00:59-08:00,0,6
resume/index.html,10,html,56eb1c6a,Matilda Gaddi,2025-01-08,20:00:59,-08:00,2025-01-08T20:00:59-08:00,0,5
resume/index.html,11,html,4c325277,Matilda Gaddi,2025-01-23,23:30:26,-08:00,2025-01-23T23:30:26-08:00,0,9
resume/index.html,12,html,4c325277,Matilda Gaddi,2025-01-23,23:30:26,-08:00,2025-01-23T23:30:26-08:00,0,31
resume/index.html,13,html,4c325277,Matilda Gaddi,2025-01-23,23:30:26,-08:00,2025-01-23T23:30:26-08:00,0,44
resume/index.html,14,html,4c325277,Matilda Gaddi,2025-01-23,23:30:26,-08:00,2025-01-23T23:30:26-08:00,0,42
resume/index.html,15,html,4c325277,Matilda Gaddi,2025-01-23,23:30:26,-08:00,2025-01-23T23:30:26-08:00,0,40
resume/index.html,16,html,4c325277,Matilda Gaddi,2025-01-23,23:30:26,-08:00,2025-01-23T23:30:26-08:00,0,67
resume/index.html,17,html,4c325277,Matilda Gaddi,2025-01-23,23:30:26,-08:00,2025-01-23T23:30:26-08:00,0,9
resume/index.html,18,html,434264ca,Matilda Gaddi,2025-01-17,21:20:59,-08:00,2025-01-17T21:20:59-08:00,0,30
resume/index.html,19,html,434264ca,Matilda Gaddi,2025-01-17,21:20:59,-08:00,2025-01-17T21:20:59-08:00,0,111
resume/index.html,20,html,5e19bac4,Matilda Gaddi,2025-01-09,15:51:11,-08:00,2025-01-09T15:51:11-08:00,0,6
resume/index.html,21,html,5e19bac4,Matilda Gaddi,2025-01-09,15:51:11,-08:00,2025-01-09T15:51:11-08:00,0,74
resume/index.html,22,html,56eb1c6a,Matilda Gaddi,2025-01-08,20:00:59,-08:00,2025-01-08T20:00:59-08:00,0,8
resume/index.html,23,html,56eb1c6a,Matilda Gaddi,2025-01-08,20:00:59,-08:00,2025-01-08T20:00:59-08:00,0,17
resume/index.html,24,html,ab233ebf,Matilda Gaddi,2025-01-08,22:59:45,-08:00,2025-01-08T22:59:45-08:00,0,8
resume/index.html,25,html,56eb1c6a,Matilda Gaddi,2025-01-08,20:00:59,-08:00,2025-01-08T20:00:59-08:00,0,20
resume/index.html,26,html,ab233ebf,Matilda Gaddi,2025-01-08,22:59:45,-08:00,2025-01-08T22:59:45-08:00,0,42
resume/index.html,27,html,ab233ebf,Matilda Gaddi,2025-01-08,22:59:45,-08:00,2025-01-08T22:59:45-08:00,0,21
resume/index.html,28,html,ab233ebf,Matilda Gaddi,2025-01-08,22:59:45,-08:00,2025-01-08T22:59:45-08:00,0,45
resume/index.html,29,html,56eb1c6a,Matilda Gaddi,2025-01-08,20:00:59,-08:00,2025-01-08T20:00:59-08:00,0,108
resume/index.html,30,html,56eb1c6a,Matilda Gaddi,2025-01-08,20:00:59,-08:00,2025-01-08T20:00:59-08:00,0,146
resume/index.html,31,html,56eb1c6a,Matilda Gaddi,2025-01-08,20:00:59,-08:00,2025-01-08T20:00:59-08:00,0,3
resume/index.html,32,html,56eb1c6a,Matilda Gaddi,2025-01-08,20:00:59,-08:00,2025-01-08T20:00:59-08:00,0,94
resume/index.html,33,html,56eb1c6a,Matilda Gaddi,2025-01-08,20:00:59,-08:00,2025-01-08T20:00:59-08:00,0,3
resume/index.html,34,html,ab233ebf,Matilda Gaddi,2025-01-08,22:59:45,-08:00,2025-01-08T22:59:45-08:00,0,9
resume/index.html,35,html,ab233ebf,Matilda Gaddi,2025-01-08,22:59:45,-08:00,2025-01-08T22:59:45-08:00,0,8
resume/index.html,36,html,ab233ebf,Matilda Gaddi,2025-01-08,22:59:45,-08:00,2025-01-08T22:59:45-08:00,0,30
resume/index.html,37,html,ab233ebf,Matilda Gaddi,2025-01-08,22:59:45,-08:00,2025-01-08T22:59:45-08:00,0,16
resume/index.html,38,html,ab233ebf,Matilda Gaddi,2025-01-08,22:59:45,-08:00,2025-01-08T22:59:45-08:00,0,59
resume/index.html,39,html,ab233ebf,Matilda Gaddi,2025-01-08,22:59:45,-08:00,2025-01-08T22:59:45-08:00,0,85
resume/index.html,40,html,ab233ebf,Matilda Gaddi,2025-01-08,22:59:45,-08:00,2025-01-08T22:59:45-08:00,0,3
resume/index.html,41,html,ab233ebf,Matilda Gaddi,2025-01-08,22:59:45,-08:00,2025-01-08T22:59:45-08:00,0,109
resume/index.html,42,html,ab233ebf,Matilda Gaddi,2025-01-08,22:59:45,-08:00,2025-01-08T22:59:45-08:00,0,3
resume/index.html,43,html,ab233ebf,Matilda Gaddi,2025-01-08,22:59:45,-08:00,2025-01-08T22:59:45-08:00,0,9
resume/index.html,44,html,56eb1c6a,Matilda Gaddi,2025-01-08,20:00:59,-08:00,2025-01-08T20:00:59-08:00,0,9
resume/index.html,45,html,621e08e7,Matilda Gaddi,2025-01-17,21:10:45,-08:00,2025-01-17T21:10:45-08:00,0,0
resume/index.html,46,html,56eb1c6a,Matilda Gaddi,2025-01-08,20:00:59,-08:00,2025-01-08T20:00:59-08:00,0,8
resume/index.html,47,html,56eb1c6a,Matilda Gaddi,2025-01-08,20:00:59,-08:00,2025-01-08T20:00:59-08:00,0,18
resume/index.html,48,html,ab233ebf,Matilda Gaddi,2025-01-08,22:59:45,-08:00,2025-01-08T22:59:45-08:00,0,8
resume/index.html,49,html,56eb1c6a,Matilda Gaddi,2025-01-08,20:00:59,-08:00,2025-01-08T20:00:59-08:00,0,41
resume/index.html,50,html,56eb1c6a,Matilda Gaddi,2025-01-08,20:00:59,-08:00,2025-01-08T20:00:59-08:00,0,47
resume/index.html,51,html,56eb1c6a,Matilda Gaddi,2025-01-08,20:00:59,-08:00,2025-01-08T20:00:59-08:00,0,29
resume/index.html,52,html,ecd72f7b,Matilda Gaddi,2025-01-08,23:09:59,-08:00,2025-01-08T23:09:59-08:00,0,3
resume/index.html,53,html,ecd72f7b,Matilda Gaddi,2025-01-08,23:09:59,-08:00,2025-01-08T23:09:59-08:00,0,312
resume/index.html,54,html,ecd72f7b,Matilda Gaddi,2025-01-08,23:09:59,-08:00,2025-01-08T23:09:59-08:00,0,215
resume/index.html,55,html,ecd72f7b,Matilda Gaddi,2025-01-08,23:09:59,-08:00,2025-01-08T23:09:59-08:00,0,230
resume/index.html,56,html,ecd72f7b,Matilda Gaddi,2025-01-08,23:09:59,-08:00,2025-01-08T23:09:59-08:00,0,4
resume/index.html,57,html,ab233ebf,Matilda Gaddi,2025-01-08,22:59:45,-08:00,2025-01-08T22:59:45-08:00,0,9
resume/index.html,58,html,ab233ebf,Matilda Gaddi,2025-01-08,22:59:45,-08:00,2025-01-08T22:59:45-08:00,0,8
resume/index.html,59,html,56eb1c6a,Matilda Gaddi,2025-01-08,20:00:59,-08:00,2025-01-08T20:00:59-08:00,0,36
resume/index.html,60,html,ecd72f7b,Matilda Gaddi,2025-01-08,23:09:59,-08:00,2025-01-08T23:09:59-08:00,0,49
resume/index.html,61,html,ecd72f7b,Matilda Gaddi,2025-01-08,23:09:59,-08:00,2025-01-08T23:09:59-08:00,0,29
resume/index.html,62,html,56eb1c6a,Matilda Gaddi,2025-01-08,20:00:59,-08:00,2025-01-08T20:00:59-08:00,0,103
resume/index.html,63,html,ecd72f7b,Matilda Gaddi,2025-01-08,23:09:59,-08:00,2025-01-08T23:09:59-08:00,0,73
resume/index.html,64,html,ecd72f7b,Matilda Gaddi,2025-01-08,23:09:59,-08:00,2025-01-08T23:09:59-08:00,0,220
resume/index.html,65,html,ecd72f7b,Matilda Gaddi,2025-01-08,23:09:59,-08:00,2025-01-08T23:09:59-08:00,0,108
resume/index.html,66,html,56eb1c6a,Matilda Gaddi,2025-01-08,20:00:59,-08:00,2025-01-08T20:00:59-08:00,0,3
resume/index.html,67,html,ab233ebf,Matilda Gaddi,2025-01-08,22:59:45,-08:00,2025-01-08T22:59:45-08:00,0,9
resume/index.html,68,html,ab233ebf,Matilda Gaddi,2025-01-08,22:59:45,-08:00,2025-01-08T22:59:45-08:00,0,0
resume/index.html,69,html,56eb1c6a,Matilda Gaddi,2025-01-08,20:00:59,-08:00,2025-01-08T20:00:59-08:00,0,9
resume/index.html,70,html,56eb1c6a,Matilda Gaddi,2025-01-08,20:00:59,-08:00,2025-01-08T20:00:59-08:00,0,6
resume/index.html,71,html,ab233ebf,Matilda Gaddi,2025-01-08,22:59:45,-08:00,2025-01-08T22:59:45-08:00,0,6
projects/projects.js,1,js,6c7bb20a,Matilda Gaddi,2025-01-31,16:19:28,-08:00,2025-01-31T16:19:28-08:00,0,56
projects/projects.js,2,js,60606907,Matilda Gaddi,2025-02-07,17:32:54,-08:00,2025-02-07T17:32:54-08:00,0,0
projects/projects.js,3,js,6c7bb20a,Matilda Gaddi,2025-01-31,16:19:28,-08:00,2025-01-31T16:19:28-08:00,0,56
projects/projects.js,4,js,6c7bb20a,Matilda Gaddi,2025-01-31,16:19:28,-08:00,2025-01-31T16:19:28-08:00,0,61
projects/projects.js,5,js,e9b0970f,Matilda Gaddi,2025-02-07,17:17:30,-08:00,2025-02-07T17:17:30-08:00,0,49
projects/projects.js,6,js,e9b0970f,Matilda Gaddi,2025-02-07,17:17:30,-08:00,2025-02-07T17:17:30-08:00,0,0
projects/projects.js,7,js,e9b0970f,Matilda Gaddi,2025-02-07,17:17:30,-08:00,2025-02-07T17:17:30-08:00,0,64
projects/projects.js,8,js,e9b0970f,Matilda Gaddi,2025-02-07,17:17:30,-08:00,2025-02-07T17:17:30-08:00,0,58
projects/projects.js,9,js,e9b0970f,Matilda Gaddi,2025-02-07,17:17:30,-08:00,2025-02-07T17:17:30-08:00,0,0
projects/projects.js,10,js,60606907,Matilda Gaddi,2025-02-07,17:32:54,-08:00,2025-02-07T17:32:54-08:00,0,14
projects/projects.js,11,js,60606907,Matilda Gaddi,2025-02-07,17:32:54,-08:00,2025-02-07T17:32:54-08:00,0,63
projects/projects.js,12,js,60606907,Matilda Gaddi,2025-02-07,17:32:54,-08:00,2025-02-07T17:32:54-08:00,0,0
projects/projects.js,13,js,e9b0970f,Matilda Gaddi,2025-02-07,17:17:30,-08:00,2025-02-07T17:17:30-08:00,0,39
projects/projects.js,14,js,e9b0970f,Matilda Gaddi,2025-02-07,17:17:30,-08:00,2025-02-07T17:17:30-08:00,0,30
projects/projects.js,15,js,e9b0970f,Matilda Gaddi,2025-02-07,17:17:30,-08:00,2025-02-07T17:17:30-08:00,0,13
projects/projects.js,16,js,e9b0970f,Matilda Gaddi,2025-02-07,17:17:30,-08:00,2025-02-07T17:17:30-08:00,0,15
projects/projects.js,17,js,e9b0970f,Matilda Gaddi,2025-02-07,17:17:30,-08:00,2025-02-07T17:17:30-08:00,0,13
projects/projects.js,18,js,e9b0970f,Matilda Gaddi,2025-02-07,17:17:30,-08:00,2025-02-07T17:17:30-08:00,0,1
projects/projects.js,19,js,e9b0970f,Matilda Gaddi,2025-02-07,17:17:30,-08:00,2025-02-07T17:17:30-08:00,0,0
projects/projects.js,20,js,e9b0970f,Matilda Gaddi,2025-02-07,17:17:30,-08:00,2025-02-07T17:17:30-08:00,0,51
projects/projects.js,21,js,e9b0970f,Matilda Gaddi,2025-02-07,17:17:30,-08:00,2025-02-07T17:17:30-08:00,0,36
projects/projects.js,22,js,e9b0970f,Matilda Gaddi,2025-02-07,17:17:30,-08:00,2025-02-07T17:17:30-08:00,0,2
projects/projects.js,23,js,e9b0970f,Matilda Gaddi,2025-02-07,17:17:30,-08:00,2025-02-07T17:17:30-08:00,0,0
projects/projects.js,24,js,e9b0970f,Matilda Gaddi,2025-02-07,17:17:30,-08:00,2025-02-07T17:17:30-08:00,0,54
projects/projects.js,25,js,e9b0970f,Matilda Gaddi,2025-02-07,17:17:30,-08:00,2025-02-07T17:17:30-08:00,0,43
projects/projects.js,26,js,e9b0970f,Matilda Gaddi,2025-02-07,17:17:30,-08:00,2025-02-07T17:17:30-08:00,0,52
projects/projects.js,27,js,e9b0970f,Matilda Gaddi,2025-02-07,17:17:30,-08:00,2025-02-07T17:17:30-08:00,0,0
projects/projects.js,28,js,e9b0970f,Matilda Gaddi,2025-02-07,17:17:30,-08:00,2025-02-07T17:17:30-08:00,0,48
projects/projects.js,29,js,e9b0970f,Matilda Gaddi,2025-02-07,17:17:30,-08:00,2025-02-07T17:17:30-08:00,0,26
projects/projects.js,30,js,e9b0970f,Matilda Gaddi,2025-02-07,17:17:30,-08:00,2025-02-07T17:17:30-08:00,0,0
projects/projects.js,31,js,60606907,Matilda Gaddi,2025-02-07,17:32:54,-08:00,2025-02-07T17:32:54-08:00,0,47
projects/projects.js,32,js,e9b0970f,Matilda Gaddi,2025-02-07,17:17:30,-08:00,2025-02-07T17:17:30-08:00,0,30
projects/projects.js,33,js,e9b0970f,Matilda Gaddi,2025-02-07,17:17:30,-08:00,2025-02-07T17:17:30-08:00,0,0
projects/projects.js,34,js,e9b0970f,Matilda Gaddi,2025-02-07,17:17:30,-08:00,2025-02-07T17:17:30-08:00,0,25
projects/projects.js,35,js,60606907,Matilda Gaddi,2025-02-07,17:32:54,-08:00,2025-02-07T17:32:54-08:00,0,36
projects/projects.js,36,js,60606907,Matilda Gaddi,2025-02-07,17:32:54,-08:00,2025-02-07T17:32:54-08:00,0,0
projects/projects.js,37,js,60606907,Matilda Gaddi,2025-02-07,17:32:54,-08:00,2025-02-07T17:32:54-08:00,0,26
projects/projects.js,38,js,60606907,Matilda Gaddi,2025-02-07,17:32:54,-08:00,2025-02-07T17:32:54-08:00,0,48
projects/projects.js,39,js,60606907,Matilda Gaddi,2025-02-07,17:32:54,-08:00,2025-02-07T17:32:54-08:00,0,69
projects/projects.js,40,js,e9b0970f,Matilda Gaddi,2025-02-07,17:17:30,-08:00,2025-02-07T17:17:30-08:00,0,0
projects/projects.js,41,js,60606907,Matilda Gaddi,2025-02-07,17:32:54,-08:00,2025-02-07T17:32:54-08:00,0,0
projects/projects.js,42,js,60606907,Matilda Gaddi,2025-02-07,17:32:54,-08:00,2025-02-07T17:32:54-08:00,0,57
projects/projects.js,43,js,e9b0970f,Matilda Gaddi,2025-02-07,17:17:30,-08:00,2025-02-07T17:17:30-08:00,0,0
projects/projects.js,44,js,e9b0970f,Matilda Gaddi,2025-02-07,17:17:30,-08:00,2025-02-07T17:17:30-08:00,0,0
projects/projects.js,45,js,e9b0970f,Matilda Gaddi,2025-02-07,17:17:30,-08:00,2025-02-07T17:17:30-08:00,0,28
projects/projects.js,46,js,60606907,Matilda Gaddi,2025-02-07,17:32:54,-08:00,2025-02-07T17:32:54-08:00,0,17
projects/projects.js,47,js,e9b0970f,Matilda Gaddi,2025-02-07,17:17:30,-08:00,2025-02-07T17:17:30-08:00,0,14
projects/projects.js,48,js,e9b0970f,Matilda Gaddi,2025-02-07,17:17:30,-08:00,2025-02-07T17:17:30-08:00,0,23
projects/projects.js,49,js,60606907,Matilda Gaddi,2025-02-07,17:32:54,-08:00,2025-02-07T17:32:54-08:00,0,58
projects/projects.js,50,js,e9b0970f,Matilda Gaddi,2025-02-07,17:17:30,-08:00,2025-02-07T17:17:30-08:00,0,25
projects/projects.js,51,js,60606907,Matilda Gaddi,2025-02-07,17:32:54,-08:00,2025-02-07T17:32:54-08:00,0,44
projects/projects.js,52,js,e9b0970f,Matilda Gaddi,2025-02-07,17:17:30,-08:00,2025-02-07T17:17:30-08:00,0,20
projects/projects.js,53,js,e9b0970f,Matilda Gaddi,2025-02-07,17:17:30,-08:00,2025-02-07T17:17:30-08:00,0,73
projects/projects.js,54,js,e9b0970f,Matilda Gaddi,2025-02-07,17:17:30,-08:00,2025-02-07T17:17:30-08:00,0,0
projects/projects.js,55,js,e9b0970f,Matilda Gaddi,2025-02-07,17:17:30,-08:00,2025-02-07T17:17:30-08:00,0,29
projects/projects.js,56,js,e9b0970f,Matilda Gaddi,2025-02-07,17:17:30,-08:00,2025-02-07T17:17:30-08:00,0,97
projects/projects.js,57,js,e9b0970f,Matilda Gaddi,2025-02-07,17:17:30,-08:00,2025-02-07T17:17:30-08:00,0,0
projects/projects.js,58,js,e9b0970f,Matilda Gaddi,2025-02-07,17:17:30,-08:00,2025-02-07T17:17:30-08:00,0,15
projects/projects.js,59,js,e9b0970f,Matilda Gaddi,2025-02-07,17:17:30,-08:00,2025-02-07T17:17:30-08:00,0,2
projects/projects.js,60,js,e9b0970f,Matilda Gaddi,2025-02-07,17:17:30,-08:00,2025-02-07T17:17:30-08:00,0,2
projects/projects.js,61,js,e9b0970f,Matilda Gaddi,2025-02-07,17:17:30,-08:00,2025-02-07T17:17:30-08:00,0,0
projects/projects.js,62,js,e9b0970f,Matilda Gaddi,2025-02-07,17:17:30,-08:00,2025-02-07T17:17:30-08:00,0,36
projects/projects.js,63,js,e9b0970f,Matilda Gaddi,2025-02-07,17:17:30,-08:00,2025-02-07T17:17:30-08:00,0,34
projects/projects.js,64,js,e9b0970f,Matilda Gaddi,2025-02-07,17:17:30,-08:00,2025-02-07T17:17:30-08:00,0,0
projects/projects.js,65,js,e9b0970f,Matilda Gaddi,2025-02-07,17:17:30,-08:00,2025-02-07T17:17:30-08:00,0,28
projects/projects.js,66,js,e9b0970f,Matilda Gaddi,2025-02-07,17:17:30,-08:00,2025-02-07T17:17:30-08:00,0,21
projects/projects.js,67,js,e9b0970f,Matilda Gaddi,2025-02-07,17:17:30,-08:00,2025-02-07T17:17:30-08:00,0,28
projects/projects.js,68,js,e9b0970f,Matilda Gaddi,2025-02-07,17:17:30,-08:00,2025-02-07T17:17:30-08:00,0,6
projects/projects.js,69,js,e9b0970f,Matilda Gaddi,2025-02-07,17:17:30,-08:00,2025-02-07T17:17:30-08:00,0,68
projects/projects.js,70,js,e9b0970f,Matilda Gaddi,2025-02-07,17:17:30,-08:00,2025-02-07T17:17:30-08:00,0,64
projects/projects.js,71,js,e9b0970f,Matilda Gaddi,2025-02-07,17:17:30,-08:00,2025-02-07T17:17:30-08:00,0,1
projects/projects.js,72,js,e9b0970f,Matilda Gaddi,2025-02-07,17:17:30,-08:00,2025-02-07T17:17:30-08:00,0,25
projects/projects.js,73,js,60606907,Matilda Gaddi,2025-02-07,17:32:54,-08:00,2025-02-07T17:32:54-08:00,0,48
projects/projects.js,74,js,e9b0970f,Matilda Gaddi,2025-02-07,17:17:30,-08:00,2025-02-07T17:17:30-08:00,0,20
projects/projects.js,75,js,e9b0970f,Matilda Gaddi,2025-02-07,17:17:30,-08:00,2025-02-07T17:17:30-08:00,0,69
projects/projects.js,76,js,e9b0970f,Matilda Gaddi,2025-02-07,17:17:30,-08:00,2025-02-07T17:17:30-08:00,0,0
projects/projects.js,77,js,e9b0970f,Matilda Gaddi,2025-02-07,17:17:30,-08:00,2025-02-07T17:17:30-08:00,0,29
projects/projects.js,78,js,e9b0970f,Matilda Gaddi,2025-02-07,17:17:30,-08:00,2025-02-07T17:17:30-08:00,0,91
projects/projects.js,79,js,e9b0970f,Matilda Gaddi,2025-02-07,17:17:30,-08:00,2025-02-07T17:17:30-08:00,0,0
projects/projects.js,80,js,e9b0970f,Matilda Gaddi,2025-02-07,17:17:30,-08:00,2025-02-07T17:17:30-08:00,0,15
projects/projects.js,81,js,e9b0970f,Matilda Gaddi,2025-02-07,17:17:30,-08:00,2025-02-07T17:17:30-08:00,0,2
projects/projects.js,82,js,e9b0970f,Matilda Gaddi,2025-02-07,17:17:30,-08:00,2025-02-07T17:17:30-08:00,0,2
projects/projects.js,83,js,e9b0970f,Matilda Gaddi,2025-02-07,17:17:30,-08:00,2025-02-07T17:17:30-08:00,0,0
projects/projects.js,84,js,e9b0970f,Matilda Gaddi,2025-02-07,17:17:30,-08:00,2025-02-07T17:17:30-08:00,0,15
projects/projects.js,85,js,e9b0970f,Matilda Gaddi,2025-02-07,17:17:30,-08:00,2025-02-07T17:17:30-08:00,0,0
projects/projects.js,86,js,e9b0970f,Matilda Gaddi,2025-02-07,17:17:30,-08:00,2025-02-07T17:17:30-08:00,0,0
projects/projects.js,87,js,e9b0970f,Matilda Gaddi,2025-02-07,17:17:30,-08:00,2025-02-07T17:17:30-08:00,0,24
projects/projects.js,88,js,e9b0970f,Matilda Gaddi,2025-02-07,17:17:30,-08:00,2025-02-07T17:17:30-08:00,0,0
projects/projects.js,89,js,e9b0970f,Matilda Gaddi,2025-02-07,17:17:30,-08:00,2025-02-07T17:17:30-08:00,0,54
projects/projects.js,90,js,e9b0970f,Matilda Gaddi,2025-02-07,17:17:30,-08:00,2025-02-07T17:17:30-08:00,0,0
projects/projects.js,91,js,e9b0970f,Matilda Gaddi,2025-02-07,17:17:30,-08:00,2025-02-07T17:17:30-08:00,0,49
projects/projects.js,92,js,60606907,Matilda Gaddi,2025-02-07,17:32:54,-08:00,2025-02-07T17:32:54-08:00,0,40
projects/projects.js,93,js,e9b0970f,Matilda Gaddi,2025-02-07,17:17:30,-08:00,2025-02-07T17:17:30-08:00,0,0
projects/projects.js,94,js,60606907,Matilda Gaddi,2025-02-07,17:32:54,-08:00,2025-02-07T17:32:54-08:00,0,52
projects/projects.js,95,js,60606907,Matilda Gaddi,2025-02-07,17:32:54,-08:00,2025-02-07T17:32:54-08:00,0,60
projects/projects.js,96,js,60606907,Matilda Gaddi,2025-02-07,17:32:54,-08:00,2025-02-07T17:32:54-08:00,0,29
projects/projects.js,97,js,60606907,Matilda Gaddi,2025-02-07,17:32:54,-08:00,2025-02-07T17:32:54-08:00,0,2
projects/projects.js,98,js,e9b0970f,Matilda Gaddi,2025-02-07,17:17:30,-08:00,2025-02-07T17:17:30-08:00,0,0
projects/projects.js,99,js,60606907,Matilda Gaddi,2025-02-07,17:32:54,-08:00,2025-02-07T17:32:54-08:00,0,85
projects/projects.js,100,js,60606907,Matilda Gaddi,2025-02-07,17:32:54,-08:00,2025-02-07T17:32:54-08:00,0,2
projects/index.html,1,html,56eb1c6a,Matilda Gaddi,2025-01-08,20:00:59,-08:00,2025-01-08T20:00:59-08:00,0,14
projects/index.html,2,html,56eb1c6a,Matilda Gaddi,2025-01-08,20:00:59,-08:00,2025-01-08T20:00:59-08:00,0,15
projects/index.html,3,html,56eb1c6a,Matilda Gaddi,2025-01-08,20:00:59,-08:00,2025-01-08T20:00:59-08:00,0,5
projects/index.html,4,html,56eb1c6a,Matilda Gaddi,2025-01-08,20:00:59,-08:00,2025-01-08T20:00:59-08:00,0,21
projects/index.html,5,html,56eb1c6a,Matilda Gaddi,2025-01-08,20:00:59,-08:00,2025-01-08T20:00:59-08:00,0,69
projects/index.html,6,html,56eb1c6a,Matilda Gaddi,2025-01-08,20:00:59,-08:00,2025-01-08T20:00:59-08:00,0,22
projects/index.html,7,html,56eb1c6a,Matilda Gaddi,2025-01-08,20:00:59,-08:00,2025-01-08T20:00:59-08:00,0,42
projects/index.html,8,html,6c7bb20a,Matilda Gaddi,2025-01-31,16:19:28,-08:00,2025-01-31T16:19:28-08:00,0,127
projects/index.html,9,html,56eb1c6a,Matilda Gaddi,2025-01-08,20:00:59,-08:00,2025-01-08T20:00:59-08:00,0,6
projects/index.html,10,html,56eb1c6a,Matilda Gaddi,2025-01-08,20:00:59,-08:00,2025-01-08T20:00:59-08:00,0,5
projects/index.html,11,html,4c325277,Matilda Gaddi,2025-01-23,23:30:26,-08:00,2025-01-23T23:30:26-08:00,0,9
projects/index.html,12,html,4c325277,Matilda Gaddi,2025-01-23,23:30:26,-08:00,2025-01-23T23:30:26-08:00,0,31
projects/index.html,13,html,4c325277,Matilda Gaddi,2025-01-23,23:30:26,-08:00,2025-01-23T23:30:26-08:00,0,44
projects/index.html,14,html,4c325277,Matilda Gaddi,2025-01-23,23:30:26,-08:00,2025-01-23T23:30:26-08:00,0,42
projects/index.html,15,html,4c325277,Matilda Gaddi,2025-01-23,23:30:26,-08:00,2025-01-23T23:30:26-08:00,0,40
projects/index.html,16,html,4c325277,Matilda Gaddi,2025-01-23,23:30:26,-08:00,2025-01-23T23:30:26-08:00,0,67
projects/index.html,17,html,4c325277,Matilda Gaddi,2025-01-23,23:30:26,-08:00,2025-01-23T23:30:26-08:00,0,9
projects/index.html,18,html,434264ca,Matilda Gaddi,2025-01-17,21:20:59,-08:00,2025-01-17T21:20:59-08:00,0,30
projects/index.html,19,html,56eb1c6a,Matilda Gaddi,2025-01-08,20:00:59,-08:00,2025-01-08T20:00:59-08:00,0,16
projects/index.html,20,html,e9b0970f,Matilda Gaddi,2025-02-07,17:17:30,-08:00,2025-02-07T17:17:30-08:00,0,0
projects/index.html,21,html,621e08e7,Matilda Gaddi,2025-01-17,21:10:45,-08:00,2025-01-17T21:10:45-08:00,0,0
projects/index.html,22,html,e9b0970f,Matilda Gaddi,2025-02-07,17:17:30,-08:00,2025-02-07T17:17:30-08:00,0,65
projects/index.html,23,html,e9b0970f,Matilda Gaddi,2025-02-07,17:17:30,-08:00,2025-02-07T17:17:30-08:00,0,32
projects/index.html,24,html,e9b0970f,Matilda Gaddi,2025-02-07,17:17:30,-08:00,2025-02-07T17:17:30-08:00,0,5
projects/index.html,25,html,e9b0970f,Matilda Gaddi,2025-02-07,17:17:30,-08:00,2025-02-07T17:17:30-08:00,0,16
projects/index.html,26,html,e9b0970f,Matilda Gaddi,2025-02-07,17:17:30,-08:00,2025-02-07T17:17:30-08:00,0,12
projects/index.html,27,html,e9b0970f,Matilda Gaddi,2025-02-07,17:17:30,-08:00,2025-02-07T17:17:30-08:00,0,27
projects/index.html,28,html,e9b0970f,Matilda Gaddi,2025-02-07,17:17:30,-08:00,2025-02-07T17:17:30-08:00,0,33
projects/index.html,29,html,e9b0970f,Matilda Gaddi,2025-02-07,17:17:30,-08:00,2025-02-07T17:17:30-08:00,0,1
projects/index.html,30,html,e9b0970f,Matilda Gaddi,2025-02-07,17:17:30,-08:00,2025-02-07T17:17:30-08:00,0,22
projects/index.html,31,html,e9b0970f,Matilda Gaddi,2025-02-07,17:17:30,-08:00,2025-02-07T17:17:30-08:00,0,50
projects/index.html,32,html,e9b0970f,Matilda Gaddi,2025-02-07,17:17:30,-08:00,2025-02-07T17:17:30-08:00,0,11
projects/index.html,33,html,e9b0970f,Matilda Gaddi,2025-02-07,17:17:30,-08:00,2025-02-07T17:17:30-08:00,0,5
projects/index.html,34,html,e9b0970f,Matilda Gaddi,2025-02-07,17:17:30,-08:00,2025-02-07T17:17:30-08:00,0,18
projects/index.html,35,html,e9b0970f,Matilda Gaddi,2025-02-07,17:17:30,-08:00,2025-02-07T17:17:30-08:00,0,11
projects/index.html,36,html,e9b0970f,Matilda Gaddi,2025-02-07,17:17:30,-08:00,2025-02-07T17:17:30-08:00,0,4
projects/index.html,37,html,e9b0970f,Matilda Gaddi,2025-02-07,17:17:30,-08:00,2025-02-07T17:17:30-08:00,0,5
projects/index.html,38,html,e9b0970f,Matilda Gaddi,2025-02-07,17:17:30,-08:00,2025-02-07T17:17:30-08:00,0,0
projects/index.html,39,html,e9b0970f,Matilda Gaddi,2025-02-07,17:17:30,-08:00,2025-02-07T17:17:30-08:00,0,0
projects/index.html,40,html,621e08e7,Matilda Gaddi,2025-01-17,21:10:45,-08:00,2025-01-17T21:10:45-08:00,0,21
projects/index.html,41,html,6c7bb20a,Matilda Gaddi,2025-01-31,16:19:28,-08:00,2025-01-31T16:19:28-08:00,0,13
projects/index.html,42,html,621e08e7,Matilda Gaddi,2025-01-17,21:10:45,-08:00,2025-01-17T21:10:45-08:00,0,38
projects/index.html,43,html,621e08e7,Matilda Gaddi,2025-01-17,21:10:45,-08:00,2025-01-17T21:10:45-08:00,0,122
projects/index.html,44,html,621e08e7,Matilda Gaddi,2025-01-17,21:10:45,-08:00,2025-01-17T21:10:45-08:00,0,96
projects/index.html,45,html,621e08e7,Matilda Gaddi,2025-01-17,21:10:45,-08:00,2025-01-17T21:10:45-08:00,0,58
projects/index.html,46,html,621e08e7,Matilda Gaddi,2025-01-17,21:10:45,-08:00,2025-01-17T21:10:45-08:00,0,9
projects/index.html,47,html,621e08e7,Matilda Gaddi,2025-01-17,21:10:45,-08:00,2025-01-17T21:10:45-08:00,0,8
projects/index.html,48,html,621e08e7,Matilda Gaddi,2025-01-17,21:10:45,-08:00,2025-01-17T21:10:45-08:00,0,40
projects/index.html,49,html,621e08e7,Matilda Gaddi,2025-01-17,21:10:45,-08:00,2025-01-17T21:10:45-08:00,0,71
projects/index.html,50,html,621e08e7,Matilda Gaddi,2025-01-17,21:10:45,-08:00,2025-01-17T21:10:45-08:00,0,207
projects/index.html,51,html,621e08e7,Matilda Gaddi,2025-01-17,21:10:45,-08:00,2025-01-17T21:10:45-08:00,0,9
projects/index.html,52,html,621e08e7,Matilda Gaddi,2025-01-17,21:10:45,-08:00,2025-01-17T21:10:45-08:00,0,8
projects/index.html,53,html,621e08e7,Matilda Gaddi,2025-01-17,21:10:45,-08:00,2025-01-17T21:10:45-08:00,0,35
projects/index.html,54,html,621e08e7,Matilda Gaddi,2025-01-17,21:10:45,-08:00,2025-01-17T21:10:45-08:00,0,71
projects/index.html,55,html,621e08e7,Matilda Gaddi,2025-01-17,21:10:45,-08:00,2025-01-17T21:10:45-08:00,0,245
projects/index.html,56,html,621e08e7,Matilda Gaddi,2025-01-17,21:10:45,-08:00,2025-01-17T21:10:45-08:00,0,9
projects/index.html,57,html,621e08e7,Matilda Gaddi,2025-01-17,21:10:45,-08:00,2025-01-17T21:10:45-08:00,0,8
projects/index.html,58,html,621e08e7,Matilda Gaddi,2025-01-17,21:10:45,-08:00,2025-01-17T21:10:45-08:00,0,35
projects/index.html,59,html,621e08e7,Matilda Gaddi,2025-01-17,21:10:45,-08:00,2025-01-17T21:10:45-08:00,0,71
projects/index.html,60,html,621e08e7,Matilda Gaddi,2025-01-17,21:10:45,-08:00,2025-01-17T21:10:45-08:00,0,237
projects/index.html,61,html,621e08e7,Matilda Gaddi,2025-01-17,21:10:45,-08:00,2025-01-17T21:10:45-08:00,0,9
projects/index.html,62,html,621e08e7,Matilda Gaddi,2025-01-17,21:10:45,-08:00,2025-01-17T21:10:45-08:00,0,8
projects/index.html,63,html,621e08e7,Matilda Gaddi,2025-01-17,21:10:45,-08:00,2025-01-17T21:10:45-08:00,0,34
projects/index.html,64,html,621e08e7,Matilda Gaddi,2025-01-17,21:10:45,-08:00,2025-01-17T21:10:45-08:00,0,71
projects/index.html,65,html,621e08e7,Matilda Gaddi,2025-01-17,21:10:45,-08:00,2025-01-17T21:10:45-08:00,0,233
projects/index.html,66,html,621e08e7,Matilda Gaddi,2025-01-17,21:10:45,-08:00,2025-01-17T21:10:45-08:00,0,9
projects/index.html,67,html,621e08e7,Matilda Gaddi,2025-01-17,21:10:45,-08:00,2025-01-17T21:10:45-08:00,0,8
projects/index.html,68,html,621e08e7,Matilda Gaddi,2025-01-17,21:10:45,-08:00,2025-01-17T21:10:45-08:00,0,36
projects/index.html,69,html,621e08e7,Matilda Gaddi,2025-01-17,21:10:45,-08:00,2025-01-17T21:10:45-08:00,0,71
projects/index.html,70,html,621e08e7,Matilda Gaddi,2025-01-17,21:10:45,-08:00,2025-01-17T21:10:45-08:00,0,236
projects/index.html,71,html,621e08e7,Matilda Gaddi,2025-01-17,21:10:45,-08:00,2025-01-17T21:10:45-08:00,0,9
projects/index.html,72,html,621e08e7,Matilda Gaddi,2025-01-17,21:10:45,-08:00,2025-01-17T21:10:45-08:00,0,8
projects/index.html,73,html,621e08e7,Matilda Gaddi,2025-01-17,21:10:45,-08:00,2025-01-17T21:10:45-08:00,0,47
projects/index.html,74,html,621e08e7,Matilda Gaddi,2025-01-17,21:10:45,-08:00,2025-01-17T21:10:45-08:00,0,71
projects/index.html,75,html,621e08e7,Matilda Gaddi,2025-01-17,21:10:45,-08:00,2025-01-17T21:10:45-08:00,0,242
projects/index.html,76,html,621e08e7,Matilda Gaddi,2025-01-17,21:10:45,-08:00,2025-01-17T21:10:45-08:00,0,9
projects/index.html,77,html,621e08e7,Matilda Gaddi,2025-01-17,21:10:45,-08:00,2025-01-17T21:10:45-08:00,0,8
projects/index.html,78,html,621e08e7,Matilda Gaddi,2025-01-17,21:10:45,-08:00,2025-01-17T21:10:45-08:00,0,43
projects/index.html,79,html,621e08e7,Matilda Gaddi,2025-01-17,21:10:45,-08:00,2025-01-17T21:10:45-08:00,0,71
projects/index.html,80,html,621e08e7,Matilda Gaddi,2025-01-17,21:10:45,-08:00,2025-01-17T21:10:45-08:00,0,233
projects/index.html,81,html,621e08e7,Matilda Gaddi,2025-01-17,21:10:45,-08:00,2025-01-17T21:10:45-08:00,0,9
projects/index.html,82,html,621e08e7,Matilda Gaddi,2025-01-17,21:10:45,-08:00,2025-01-17T21:10:45-08:00,0,8
projects/index.html,83,html,621e08e7,Matilda Gaddi,2025-01-17,21:10:45,-08:00,2025-01-17T21:10:45-08:00,0,38
projects/index.html,84,html,621e08e7,Matilda Gaddi,2025-01-17,21:10:45,-08:00,2025-01-17T21:10:45-08:00,0,71
projects/index.html,85,html,621e08e7,Matilda Gaddi,2025-01-17,21:10:45,-08:00,2025-01-17T21:10:45-08:00,0,241
projects/index.html,86,html,621e08e7,Matilda Gaddi,2025-01-17,21:10:45,-08:00,2025-01-17T21:10:45-08:00,0,9
projects/index.html,87,html,621e08e7,Matilda Gaddi,2025-01-17,21:10:45,-08:00,2025-01-17T21:10:45-08:00,0,8
projects/index.html,88,html,621e08e7,Matilda Gaddi,2025-01-17,21:10:45,-08:00,2025-01-17T21:10:45-08:00,0,34
projects/index.html,89,html,621e08e7,Matilda Gaddi,2025-01-17,21:10:45,-08:00,2025-01-17T21:10:45-08:00,0,71
projects/index.html,90,html,621e08e7,Matilda Gaddi,2025-01-17,21:10:45,-08:00,2025-01-17T21:10:45-08:00,0,248
projects/index.html,91,html,621e08e7,Matilda Gaddi,2025-01-17,21:10:45,-08:00,2025-01-17T21:10:45-08:00,0,9
projects/index.html,92,html,621e08e7,Matilda Gaddi,2025-01-17,21:10:45,-08:00,2025-01-17T21:10:45-08:00,0,8
projects/index.html,93,html,621e08e7,Matilda Gaddi,2025-01-17,21:10:45,-08:00,2025-01-17T21:10:45-08:00,0,37
projects/index.html,94,html,621e08e7,Matilda Gaddi,2025-01-17,21:10:45,-08:00,2025-01-17T21:10:45-08:00,0,71
projects/index.html,95,html,621e08e7,Matilda Gaddi,2025-01-17,21:10:45,-08:00,2025-01-17T21:10:45-08:00,0,228
projects/index.html,96,html,621e08e7,Matilda Gaddi,2025-01-17,21:10:45,-08:00,2025-01-17T21:10:45-08:00,0,9
projects/index.html,97,html,621e08e7,Matilda Gaddi,2025-01-17,21:10:45,-08:00,2025-01-17T21:10:45-08:00,0,8
projects/index.html,98,html,621e08e7,Matilda Gaddi,2025-01-17,21:10:45,-08:00,2025-01-17T21:10:45-08:00,0,47
projects/index.html,99,html,621e08e7,Matilda Gaddi,2025-01-17,21:10:45,-08:00,2025-01-17T21:10:45-08:00,0,71
projects/index.html,100,html,621e08e7,Matilda Gaddi,2025-01-17,21:10:45,-08:00,2025-01-17T21:10:45-08:00,0,233
projects/index.html,101,html,6c7bb20a,Matilda Gaddi,2025-01-31,16:19:28,-08:00,2025-01-31T16:19:28-08:00,0,13
projects/index.html,102,html,6c7bb20a,Matilda Gaddi,2025-01-31,16:19:28,-08:00,2025-01-31T16:19:28-08:00,0,49
projects/index.html,103,html,6c7bb20a,Matilda Gaddi,2025-01-31,16:19:28,-08:00,2025-01-31T16:19:28-08:00,0,48
projects/index.html,104,html,621e08e7,Matilda Gaddi,2025-01-17,21:10:45,-08:00,2025-01-17T21:10:45-08:00,0,5
projects/index.html,105,html,621e08e7,Matilda Gaddi,2025-01-17,21:10:45,-08:00,2025-01-17T21:10:45-08:00,0,0
projects/index.html,106,html,56eb1c6a,Matilda Gaddi,2025-01-08,20:00:59,-08:00,2025-01-08T20:00:59-08:00,0,6
projects/index.html,107,html,4c325277,Matilda Gaddi,2025-01-23,23:30:26,-08:00,2025-01-23T23:30:26-08:00,0,0
projects/index.html,108,html,ab233ebf,Matilda Gaddi,2025-01-08,22:59:45,-08:00,2025-01-08T22:59:45-08:00,0,6
contact/index.html,1,html,56eb1c6a,Matilda Gaddi,2025-01-08,20:00:59,-08:00,2025-01-08T20:00:59-08:00,0,14
contact/index.html,2,html,56eb1c6a,Matilda Gaddi,2025-01-08,20:00:59,-08:00,2025-01-08T20:00:59-08:00,0,15
contact/index.html,3,html,56eb1c6a,Matilda Gaddi,2025-01-08,20:00:59,-08:00,2025-01-08T20:00:59-08:00,0,5
contact/index.html,4,html,56eb1c6a,Matilda Gaddi,2025-01-08,20:00:59,-08:00,2025-01-08T20:00:59-08:00,0,21
contact/index.html,5,html,56eb1c6a,Matilda Gaddi,2025-01-08,20:00:59,-08:00,2025-01-08T20:00:59-08:00,0,69
contact/index.html,6,html,621e08e7,Matilda Gaddi,2025-01-17,21:10:45,-08:00,2025-01-17T21:10:45-08:00,0,24
contact/index.html,7,html,56eb1c6a,Matilda Gaddi,2025-01-08,20:00:59,-08:00,2025-01-08T20:00:59-08:00,0,42
contact/index.html,8,html,6c7bb20a,Matilda Gaddi,2025-01-31,16:19:28,-08:00,2025-01-31T16:19:28-08:00,0,127
contact/index.html,9,html,56eb1c6a,Matilda Gaddi,2025-01-08,20:00:59,-08:00,2025-01-08T20:00:59-08:00,0,6
contact/index.html,10,html,56eb1c6a,Matilda Gaddi,2025-01-08,20:00:59,-08:00,2025-01-08T20:00:59-08:00,0,5
contact/index.html,11,html,4c325277,Matilda Gaddi,2025-01-23,23:30:26,-08:00,2025-01-23T23:30:26-08:00,0,9
contact/index.html,12,html,4c325277,Matilda Gaddi,2025-01-23,23:30:26,-08:00,2025-01-23T23:30:26-08:00,0,31
contact/index.html,13,html,4c325277,Matilda Gaddi,2025-01-23,23:30:26,-08:00,2025-01-23T23:30:26-08:00,0,44
contact/index.html,14,html,4c325277,Matilda Gaddi,2025-01-23,23:30:26,-08:00,2025-01-23T23:30:26-08:00,0,42
contact/index.html,15,html,4c325277,Matilda Gaddi,2025-01-23,23:30:26,-08:00,2025-01-23T23:30:26-08:00,0,40
contact/index.html,16,html,4c325277,Matilda Gaddi,2025-01-23,23:30:26,-08:00,2025-01-23T23:30:26-08:00,0,67
contact/index.html,17,html,4c325277,Matilda Gaddi,2025-01-23,23:30:26,-08:00,2025-01-23T23:30:26-08:00,0,9
contact/index.html,18,html,434264ca,Matilda Gaddi,2025-01-17,21:20:59,-08:00,2025-01-17T21:20:59-08:00,0,30
contact/index.html,19,html,56eb1c6a,Matilda Gaddi,2025-01-08,20:00:59,-08:00,2025-01-08T20:00:59-08:00,0,15
contact/index.html,20,html,5e19bac4,Matilda Gaddi,2025-01-09,15:51:11,-08:00,2025-01-09T15:51:11-08:00,0,74
contact/index.html,21,html,621e08e7,Matilda Gaddi,2025-01-17,21:10:45,-08:00,2025-01-17T21:10:45-08:00,0,67
contact/index.html,22,html,621e08e7,Matilda Gaddi,2025-01-17,21:10:45,-08:00,2025-01-17T21:10:45-08:00,0,54
contact/index.html,23,html,621e08e7,Matilda Gaddi,2025-01-17,21:10:45,-08:00,2025-01-17T21:10:45-08:00,0,44
contact/index.html,24,html,621e08e7,Matilda Gaddi,2025-01-17,21:10:45,-08:00,2025-01-17T21:10:45-08:00,0,44
contact/index.html,25,html,56eb1c6a,Matilda Gaddi,2025-01-08,20:00:59,-08:00,2025-01-08T20:00:59-08:00,0,22
contact/index.html,26,html,56eb1c6a,Matilda Gaddi,2025-01-08,20:00:59,-08:00,2025-01-08T20:00:59-08:00,0,0
contact/index.html,27,html,56eb1c6a,Matilda Gaddi,2025-01-08,20:00:59,-08:00,2025-01-08T20:00:59-08:00,0,6
contact/index.html,28,html,56eb1c6a,Matilda Gaddi,2025-01-08,20:00:59,-08:00,2025-01-08T20:00:59-08:00,0,6
contact/index.html,29,html,ab233ebf,Matilda Gaddi,2025-01-08,22:59:45,-08:00,2025-01-08T22:59:45-08:00,0,6
